Name of the Place,District,Famous_For,Activities,State,Country,Category,Travel_Style,Best_Season,Budget_Category,Duration_Days
Padmanabhaswamy Temple,Thiruvananthapuram,Richest temple in the world,"Temple visit, Architecture photography",Kerala,India,Temple/Religious,"Spiritual, Cultural, Photography",October to March,Moderate,1
Kovalam Beach,Thiruvananthapuram,Crescent-shaped beaches,"Surfing, Sunbathing, Lighthouse climbing",Kerala,India,Beach,"Adventure, Beach",October to March,Budget,2
Varkala Cliff,Thiruvananthapuram,Sedimentary formations on beach,"Paragliding, Sunset viewing, Spa",Kerala,India,Beach,"Adventure, Beach, Photography",October to March,Budget,2
Ponmudi Hills,Thiruvananthapuram,Mist-covered hill station,"Trekking, Nature walks, Photography",Kerala,India,Mountain/Hill,"Adventure, Eco, Photography",October to March,Budget,3
Agasthyakoodam,Thiruvananthapuram,Highest peak in South Kerala,"Mountain trekking, Bird watching",Kerala,India,Wildlife,"Adventure, Eco",October to March,Budget,3
Napier Museum,Thiruvananthapuram,Indo-Saracenic architecture,"History tour, Art appreciation",Kerala,India,Sightseeing,Cultural,October to March,Moderate,1
Poovar Island,Thiruvananthapuram,Estuary where sea meet river,"Boating, Mangrove forest cruise",Kerala,India,Lake/Water,"Eco, Leisure",October to March,Budget,1
Neyyar Dam,Thiruvananthapuram,Eco-tourism and Lion Safari,"Boating, Lion Safari, Crocodile farm visit",Kerala,India,Wildlife,Eco,October to March,Budget,2
Shangumugham Beach,Thiruvananthapuram,Giant Mermaid Statue,"Evening strolls, Local snacks tasting",Kerala,India,Sightseeing,Sightseeing,October to March,Moderate,1
Vizhinjam Marine Aquarium,Thiruvananthapuram,Diverse marine life,"Marine exploration, Educational tour",Kerala,India,Sightseeing,Sightseeing,October to March,Moderate,1
Kuthira Malika Palace,Thiruvananthapuram,Traditional wooden architecture,"Heritage walk, Museum tour",Kerala,India,Heritage,Cultural,October to March,Moderate,1
Veli Tourist Village,Thiruvananthapuram,Floating bridge and boat club,"Speed boating, Family picnic",Kerala,India,Sightseeing,Family,October to March,Moderate,1
Priyadarshini Planetarium,Thiruvananthapuram,Space and science shows,"Space exploration shows, Science park",Kerala,India,Garden/Nature,Leisure,October to March,Moderate,1
Attukal Temple,Thiruvananthapuram,Sabarimala of Women,"Pilgrimage, Festival participation",Kerala,India,Temple/Religious,Spiritual,October to March,Moderate,1
Kanakakkunnu Palace,Thiruvananthapuram,Cultural events hub,"Evening walks, Photography, Art festivals",Kerala,India,Sightseeing,Photography,October to March,Moderate,1
Peppara Wildlife Sanctuary,Thiruvananthapuram,Rich biodiversity,"Trekking, Wildlife sighting",Kerala,India,Wildlife,"Adventure, Eco",October to March,Budget,1
Magic Planet,Thiruvananthapuram,First magic theme park,"Magic shows, Illusion museum",Kerala,India,Heritage,"Family, Cultural",October to March,Moderate,1
Kallar Meenmutty Falls,Thiruvananthapuram,Forest waterfall,"Forest trekking, River swimming",Kerala,India,Waterfall,"Adventure, Eco",October to March,Budget,1
Akkulam Tourist Village,Thiruvananthapuram,Water theme park and boating,"Kids park, Boating",Kerala,India,Garden/Nature,Family,October to March,Moderate,1
Beemapally Mosque,Thiruvananthapuram,Islamic architecture and festival,"Pilgrimage, Architecture study",Kerala,India,Temple/Religious,"Spiritual, Cultural",October to March,Moderate,1
Eravikulam National Park,Munnar,Home to the endangered Nilgiri Tahr and Neelakurinji flowers,"Wildlife spotting, Trekking, Photography",Kerala,India,Wildlife,"Adventure, Eco, Photography",October to June,Budget,1
Anamudi Peak,Munnar,"Highest peak in South India (8,842 ft)","Mountain viewing, Photography, Nature walks",Kerala,India,Mountain/Hill,"Eco, Photography",October to June,Budget,3
Mattupetty Dam,Munnar,Storage masonry dam and scenic lake,"Speed boating, Horse riding, Elephant sightings",Kerala,India,Wildlife,Photography,October to June,Moderate,1
Tea Museum (Tata Tea),Munnar,First tea museum in India showcasing the history of Munnar,"Museum tour, Tea processing demo, Tea tasting",Kerala,India,Heritage,Cultural,October to June,Moderate,1
Top Station,Munnar,Highest point in Munnar on the Kerala-Tamil Nadu border,"Valley viewing, Camping, Panoramic photography",Kerala,India,Mountain/Hill,Photography,October to June,Moderate,1
Echo Point,Munnar,Natural echo phenomenon at the confluence of three mountain streams,"Shouting for echoes, Boating, Picnic",Kerala,India,Mountain/Hill,Family,October to June,Moderate,1
Kundala Lake,Munnar,Artificial reservoir famous for its cherry blossoms (seasonal),"Pedal boating, Shikara rides, Photography",Kerala,India,Lake/Water,Photography,October to June,Moderate,1
Attukal Waterfalls,Munnar,Cascading forest waterfall between Munnar and Pallivasal,"Trekking, Photography, Nature walks",Kerala,India,Waterfall,"Adventure, Eco, Photography",October to June,Budget,1
Pothamedu Viewpoint,Munnar,"Panoramic views of tea, coffee, and cardamom plantations","Sunset viewing, Photography, Refreshing walks",Kerala,India,Lake/Water,"Beach, Photography",October to June,Moderate,1
Rose Garden Munnar,Munnar,Beautifully landscaped garden with exotic flowers and spices,"Flower photography, Morning walks, Buying seeds/plants",Kerala,India,Garden/Nature,Photography,October to June,Moderate,1
Blossom International Park,Munnar,16-acre park with rare flowers and lush greenery,"Cycling, Roller skating, Boating",Kerala,India,Garden/Nature,Sightseeing,October to June,Moderate,1
Lockhart Gap,Munnar,Famous for its heart-shaped 'Lockhart' mountain gap,"Photography, Road-side viewing, Trekking",Kerala,India,Mountain/Hill,"Adventure, Photography",October to June,Budget,1
Chithirapuram,Munnar,Colonial-style village known for its old-world charm,"Heritage walks, Photography, Tea estate visits",Kerala,India,Heritage,"Cultural, Photography",October to June,Moderate,1
Pallivasal Falls,Munnar,Site of the first hydroelectric project in Kerala,"Sightseeing, Nature photography, Picnic",Kerala,India,Sightseeing,"Eco, Family, Photography",October to June,Budget,1
Nyayamakad Waterfalls,Munnar,Stunning waterfall located near Eravikulam,"Nature trekking, Photography, Bathing in streams",Kerala,India,Waterfall,"Adventure, Eco, Photography",October to June,Budget,1
Devikulam (Sita Devi Lake),Munnar,Sacred lake where Goddess Sita is believed to have bathed,"Religious visit, Nature photography, Fishing",Kerala,India,Lake/Water,"Eco, Spiritual, Photography",October to June,Budget,1
Marayoor Sandalwood Forest,Munnar,Natural sandalwood forest and archaeological site,"Forest walk, Viewing megalithic Dolmens (Muniyara)",Kerala,India,Heritage,"Eco, Cultural",October to June,Budget,1
Chinnar Wildlife Sanctuary,Munnar,Unique thorny scrub forest with diverse biodiversity,"Night safari, River trekking, Wildlife spotting",Kerala,India,Wildlife,"Adventure, Eco",October to June,Budget,1
Lakkam Waterfalls,Munnar,Silky waterfall surrounded by 'Vagai' trees,"Swimming, Forest photography, Nature walks",Kerala,India,Waterfall,"Eco, Photography",October to June,Budget,1
Elephant Arrival Spot,Munnar,Location where wild elephants frequently come to drink water,"Elephant spotting, Photography, Shikkara rides",Kerala,India,Wildlife,Photography,October to June,Moderate,1
Photo Point,Munnar,Picturesque curve on the way to Mattupetty,"Professional photography, Tea garden walks",Kerala,India,Garden/Nature,Photography,October to June,Moderate,1
Kolukkumalai Tea Estate,Munnar,Highest organic tea plantation in the world,"Jeep safari, Tea factory tour, Sunrise viewing",Kerala,India,Wildlife,"Beach, Photography",October to June,Moderate,1
Sevenmallay Hills,Munnar,Scenic hill range located in the heart of Munnar,"Trekking, Nature walks, Photography",Kerala,India,Mountain/Hill,"Adventure, Eco, Photography",October to June,Budget,1
Mezapulimala,Munnar,Popular trekking peak offering views above the clouds,"High-altitude trekking, Camping, Photography",Kerala,India,Mountain/Hill,"Adventure, Photography",October to June,Budget,3
Rajamala,Munnar,The tourism zone of Eravikulam National Park,"Wildlife viewing, Bus safari, Nature photography",Kerala,India,Wildlife,"Eco, Photography",October to June,Budget,2
Valara Waterfalls,Munnar,Multi-step waterfall on the Kochi-Munnar highway,"Photography, Roadside stopover",Kerala,India,Waterfall,Photography,October to June,Moderate,1
Cheeyappara Waterfalls,Munnar,Spectacular seven-step waterfall,"Landscape photography, Trekking",Kerala,India,Waterfall,"Adventure, Photography",October to June,Budget,1
Kallar Waterfalls,Munnar,"Small, pristine waterfall known for its clear water","Swimming, Nature walks, Picnic",Kerala,India,Waterfall,"Eco, Family",October to June,Budget,1
Gap Road (Munnar-Theni),Munnar,One of the most scenic driving roads in India,"Driving, Landscape photography, Viewpoint stops",Kerala,India,Mountain/Hill,Photography,October to June,Moderate,1
Idly Hill,Munnar,Hillock shaped like the South Indian breakfast item 'Idly',"Photography, Sightseeing",Kerala,India,Sightseeing,Photography,October to June,Moderate,1
Munnar Tea Gardens,Idukki,Lush green tea plantations,"Factory visits, Photography, Trekking",Kerala,India,Mountain/Hill,"Adventure, Photography",October to June,Budget,1
Thekkady (Periyar),Idukki,Elephant & Tiger Reserve,"Bamboo rafting, Jungle patrol, Boating",Kerala,India,Wildlife,"Adventure, Eco",October to June,Budget,2
Vagamon Meadows,Idukki,Rolling green hills and pine forests,"Paragliding, Off-road trekking, Picnicking",Kerala,India,Mountain/Hill,"Adventure, Eco, Family",October to June,Budget,1
Idukki Arch Dam,Idukki,Asia's first arch dam,"Engineering study, Viewpoint visit, Pedal boating",Kerala,India,Mountain/Hill,Photography,October to June,Moderate,1
Kalvari Mount,Idukki,Panoramic views of Idukki reservoir,"Trekking, Photography, Sunset viewing",Kerala,India,Mountain/Hill,"Adventure, Beach, Photography",October to June,Budget,1
Ramakkalmedu,Idukki,Wind-blown hills and Kuravan-Kurathi statue,"Trekking, Viewing the plains of Tamil Nadu",Kerala,India,Mountain/Hill,Adventure,October to June,Budget,1
Panchalimedu,Idukki,Mythological site with misty valley views,"Trekking, Photography, Religious visit",Kerala,India,Mountain/Hill,"Adventure, Spiritual, Photography",October to June,Budget,1
Meesapulimala,Idukki,Second highest peak in the Western Ghats,"High-altitude trekking, Camping",Kerala,India,Mountain/Hill,"Adventure, Eco",October to June,Budget,3
Anjuruli,Idukki,Scenic tunnel gushing water into the reservoir,"Tunnel viewing, Boating, Photography",Kerala,India,Lake/Water,Photography,October to June,Moderate,1
Thommankuthu Waterfalls,Idukki,Famous seven-step waterfall,"Trekking, Forest bathing, Swimming",Kerala,India,Waterfall,"Adventure, Eco",October to June,Budget,1
Parunthumpara,Idukki,Eagle Rock viewpoint with steep canyons,"Landscape photography, Nature walks",Kerala,India,Mountain/Hill,"Eco, Photography",October to June,Budget,1
Hill View Park,Idukki,360-degree viewpoint near the dam,"Pedal boating, Children's play area, Elephant spotting",Kerala,India,Wildlife,"Family, Photography",October to June,Moderate,1
Kulamavu Dam,Idukki,Part of the massive Idukki reservoir project,"Scenic driving, Photography",Kerala,India,Lake/Water,Photography,October to June,Moderate,1
Cheruthoni Dam,Idukki,Large concrete gravity dam near the arch dam,"Engineering study, Viewpoint visit",Kerala,India,Mountain/Hill,Photography,October to June,Moderate,1
Anayirankal Dam,Idukki,Lake surrounded by tea and forest,"Boating, Picnic, Wildlife spotting",Kerala,India,Wildlife,"Eco, Family",October to June,Budget,1
Devikulam,Idukki,Exotic hill station with a sacred lake,"Nature walk, Picnic",Kerala,India,Mountain/Hill,"Eco, Family",October to June,Budget,3
Tea Museum Munnar,Idukki,Historical journey of tea in the region,"Museum tour, Tea tasting",Kerala,India,Heritage,Cultural,October to June,Moderate,1
Edakkal Caves,Wayanad,Prehistoric Neolithic rock carvings,"Uphill trekking, History exploration, Photography",Kerala,India,Heritage,"Adventure, Cultural, Photography",October to June,Budget,1
Banasura Sagar Dam,Wayanad,Largest earthen dam in India,"Speed boating, Island trekking, Horse riding",Kerala,India,Mountain/Hill,Adventure,October to June,Budget,1
Pookode Lake,Wayanad,Natural freshwater lake shaped like India's map,"Pedal boating, Aquarium visit, Spices shopping",Kerala,India,Lake/Water,Sightseeing,October to June,Moderate,1
Chembra Peak,Wayanad,Highest peak in Wayanad with a heart-shaped lake,"High-altitude trekking, Nature photography",Kerala,India,Mountain/Hill,"Adventure, Eco, Photography",October to June,Budget,3
Soochipara Falls,Wayanad,Three-tiered waterfall surrounded by forests,"Rock climbing, Swimming, Nature walks",Kerala,India,Waterfall,"Adventure, Eco",October to June,Budget,1
Kuruva Island,Wayanad,Protected river delta on the Kabini River,"Bamboo rafting, Nature walks, Bird watching",Kerala,India,Wildlife,"Adventure, Eco",October to June,Budget,1
Muthanga Wildlife Sanctuary,Wayanad,Part of the Nilgiri Biosphere Reserve,"Jungle jeep safari, Elephant spotting",Kerala,India,Wildlife,Eco,October to June,Budget,1
Thirunelli Temple,Wayanad,Ancient temple known as the 'Kashi of the South',"Pilgrimage, Ancestral rites, Architecture study",Kerala,India,Temple/Religious,"Spiritual, Cultural",October to June,Moderate,1
Lakkidi Viewpoint,Wayanad,Gateway to Wayanad with 9 hairpin curves,"Panoramic photography, Sunset viewing",Kerala,India,Sightseeing,"Beach, Photography",October to June,Moderate,1
Meenmutty Falls,Wayanad,Wayanad's largest and most spectacular waterfall,"Forest trekking, Photography",Kerala,India,Waterfall,"Adventure, Eco, Photography",October to June,Budget,1
Jain Temple Sulthan Bathery,Wayanad,13th-century stone temple with carvings,"History tour, Archaeological study",Kerala,India,Temple/Religious,"Spiritual, Cultural",October to June,Moderate,1
Phantom Rock,Wayanad,Natural rock formation resembling a skull,"Short trekking, Sightseeing, Photography",Kerala,India,Mountain/Hill,"Adventure, Photography",October to June,Budget,1
Wayand Heritage Museum,Wayanad,One of the best heritage museums in Kerala,"History tour, Viewing tribal artifacts",Kerala,India,Heritage,Cultural,October to June,Moderate,1
Karapuzha Dam,Wayanad,One of the largest earth dams in India,"Garden walks, Children's park, Boating",Kerala,India,Lake/Water,Family,October to June,Moderate,1
Thusharagiri Waterfalls,Wayanad,Snow-capped mountains and waterfalls,"Trekking, Rock climbing, Nature walks",Kerala,India,Waterfall,"Adventure, Eco",October to June,Budget,1
Neelimala Viewpoint,Wayanad,Stunning views of Meenmutty falls,"Trekking, Landscape photography",Kerala,India,Waterfall,"Adventure, Photography",October to June,Budget,1
Chain Tree,Wayanad,Ficus tree associated with a local legend,"Short stopover, Cultural storytelling",Kerala,India,Sightseeing,Sightseeing,October to June,Moderate,1
Pakshipathalam Bird Sanctuary,Wayanad,Hike through deep caves and thick forests,"Bird watching, Cave exploration, Trekking",Kerala,India,Wildlife,"Adventure, Eco",October to June,Budget,1
Chethalayam Falls,Wayanad,Seasonal waterfall ideal for trekkers,"Trekking, Forest exploration",Kerala,India,Waterfall,"Adventure, Eco",October to June,Budget,1
Karlad Lake,Wayanad,Adventure hub for water sports,"Ziplining, Kayaking, Rock climbing",Kerala,India,Cave/Geological,"Adventure, Beach",October to June,Budget,1
Tholpetty Wildlife Sanctuary,Wayanad,Diverse flora and fauna near Karnataka border,"Night safari, Wildlife photography",Kerala,India,Wildlife,"Eco, Photography",October to June,Budget,1
Makarajyothi Viewpoint,Wayanad,Hilltop view of the surrounding valleys,"Nature walks, Photography",Kerala,India,Mountain/Hill,"Eco, Photography",October to June,Budget,1
Bamboo Forest Muthanga,Wayanad,Dense bamboo groves,"Nature walks, Wildlife spotting",Kerala,India,Wildlife,Eco,October to June,Budget,1
Arattupara,Wayanad,Massive rock offering 360-degree views,"Trekking, Sunset viewing",Kerala,India,Mountain/Hill,"Adventure, Beach, Photography",October to June,Budget,1
Uravu Bamboo Village,Wayanad,Center for bamboo crafts and eco-tourism,"Craft workshop visit, Sustainable tourism tour",Kerala,India,Eco Tourism,Eco,October to June,Budget,1
Varambetta Mosque,Wayanad,Oldest mosque in Wayanad,"Religious visit, Architecture study",Kerala,India,Temple/Religious,"Spiritual, Cultural",October to June,Moderate,1
Seetha Devi Temple,Wayanad,Only temple in Kerala dedicated to Lava and Kusha,"Pilgrimage, Cultural exploration",Kerala,India,Temple/Religious,Spiritual,October to June,Moderate,1
Mananthavady Pazhassi Tomb,Wayanad,Memorial of the 'Lion of Kerala',"History tour, Museum visit",Kerala,India,Heritage,Cultural,October to June,Moderate,1
Valliyoorkavu Temple,Wayanad,Ancient temple dedicated to Goddess Durga,"Pilgrimage, Festival participation",Kerala,India,Temple/Religious,Spiritual,October to June,Moderate,1
Kolagappara,Wayanad,Elephant-shaped rock formation,"Rock climbing, Trekking",Kerala,India,Wildlife,Adventure,October to June,Budget,1
Alappuzha Beach,Alappuzha,Historic 150-year-old pier and golden sands,"Sunset viewing, Beach volleyball, Camel rides",Kerala,India,Beach,"Beach, Photography",October to March,Moderate,2
Kuttanad Backwaters,Alappuzha,The Rice Bowl of Kerala; farming below sea level,"Houseboat cruising, Photography, Rural village walks",Kerala,India,Lake/Water,"Photography, Leisure",October to March,Moderate,1
Marari Beach,Alappuzha,"Peaceful, pristine shoreline and fishing villages","Swimming, Yoga, Ayurvedic treatments",Kerala,India,Beach,Leisure,October to March,Moderate,2
Pathiramanal Island,Alappuzha,Small island in Vembanad Lake; bird watcher's paradise,"Bird watching, Nature walks, Boat transit",Kerala,India,Wildlife,Eco,October to March,Budget,1
Krishnapuram Palace,Alappuzha,18th-century palace with 'Gajendra Moksham' mural,"Museum tour, Architecture photography, History study",Kerala,India,Heritage,"Cultural, Photography",October to March,Moderate,1
Ambalapuzha Sree Krishna Temple,Alappuzha,Ancient temple famous for its 'Palpayasam' (sweet pudding),"Pilgrimage, Tasting temple prasad, Architecture study",Kerala,India,Temple/Religious,"Spiritual, Cultural",October to March,Moderate,1
Alappuzha Lighthouse,Alappuzha,Oldest lighthouse on the southwest coast of India,"Climbing the tower, Panoramic coastal views, Museum visit",Kerala,India,Beach,"Adventure, Cultural",October to March,Budget,2
Punnamada Lake,Alappuzha,Venue of the famous Nehru Trophy Snake Boat Race,"Watching boat races, Shikkara rides, Speed boating",Kerala,India,Sightseeing,Sightseeing,October to March,Moderate,1
Vembanad Lake,Alappuzha,Largest lake in Kerala and longest in India,"Luxury houseboat stay, Fishing, Sunset cruises",Kerala,India,Lake/Water,"Beach, Photography, Leisure",October to March,Moderate,1
Arthunkal St. Andrew’s Basilica,Alappuzha,Major Christian pilgrimage center by the sea,"Pilgrimage, Architecture photography, Beach visit",Kerala,India,Beach,"Spiritual, Cultural, Beach",October to March,Moderate,1
Revi Karunakaran Memorial Museum,Alappuzha,"Private collection of Swarovski crystals, ivory, and porcelain","Guided museum tour, Art appreciation",Kerala,India,Heritage,Cultural,October to March,Moderate,1
Champakulam Village,Alappuzha,Traditional carpentry and old Syrian Christian church,"Village walks, Visiting the snake boat yard, Church tour",Kerala,India,Temple/Religious,Spiritual,October to March,Moderate,1
Karumadikuttan,Alappuzha,11th-century black granite statue of Lord Buddha,"Historical exploration, Photography",Kerala,India,Heritage,Photography,October to March,Moderate,1
Mannarasala Sree Nagaraja Temple,Alappuzha,"Ancient serpent temple with over 30,000 images of gods","Pilgrimage, Forest walk, Cultural study",Kerala,India,Temple/Religious,"Eco, Spiritual",October to March,Budget,1
Mullakkal Rajeshwari Temple,Alappuzha,Temple with an open-roof sanctum in the heart of town,"Pilgrimage, Shopping in nearby local markets",Kerala,India,Temple/Religious,Spiritual,October to March,Moderate,1
St. Mary's Forane Church (Champakulam),Alappuzha,"One of the oldest churches in India, dating back to 427 AD","History tour, Viewing ancient murals",Kerala,India,Temple/Religious,"Spiritual, Cultural",October to March,Moderate,1
Kakkathuruthu (Island of Crows),Alappuzha,Secluded island featured by National Geographic,"Canoe rowing, Sunset photography, Village life experience",Kerala,India,Island,"Beach, Photography",October to March,Moderate,1
Edathua Church,Alappuzha,Famous for its massive architecture resembling European shrines,"Pilgrimage, Photography, Attending annual feasts",Kerala,India,Temple/Religious,"Spiritual, Cultural, Photography",October to March,Moderate,1
R-Block & Q-S-T Block,Alappuzha,Large areas of reclaimed land for sub-sea level farming,"Leisurely cruise, Learning indigenous farming techniques",Kerala,India,Sightseeing,Leisure,October to March,Moderate,1
Thottappally Beach,Alappuzha,Quiet beach where the lake spills into the sea,"Fishing, Sunset walks, Photography",Kerala,India,Beach,"Beach, Photography",October to March,Moderate,2
Andhakaranazhi Beach,Alappuzha,Scenic beach with a lighthouse and backwater confluence,"Swimming, Evening walks, Viewing the spillway",Kerala,India,Beach,"Beach, Photography",October to March,Moderate,2
Vijay Beach Park,Alappuzha,Children's park and amusement area on the beach,"Boating, Family picnic, Video games",Kerala,India,Beach,"Family, Beach",October to March,Moderate,2
Sea View Park,Alappuzha,Recreational park with swimming and boating facilities,"Pedal boating, Swimming, Relaxation",Kerala,India,Garden/Nature,Sightseeing,October to March,Moderate,1
Thakazhi Museum,Alappuzha,Memorial house of Jnanpith award-winning writer Thakazhi,"Literary history tour, Research, Museum visit",Kerala,India,Heritage,Cultural,October to March,Moderate,1
Pandavan Para,Alappuzha,Rocks associated with the Pandavas' exile,"Short trekking, Mythology study, Viewpoint visit",Kerala,India,Mountain/Hill,"Adventure, Photography",October to March,Budget,1
Sarada Mandiram,Alappuzha,Residence-turned-memorial of poet A.R. Rajaraja Varma,"History tour, Literary exploration",Kerala,India,Sightseeing,Cultural,October to March,Moderate,1
Mavelikkara Buddha Statue,Alappuzha,Large ancient Buddha idol in the town center,"Sightseeing, Historical photography",Kerala,India,Heritage,Photography,October to March,Moderate,1
Kumaranasan Smarakam,Alappuzha,Memorial of the great poet Kumaranasan at Pallana,"Literary tribute, River-side visit",Kerala,India,Lake/Water,Sightseeing,October to March,Moderate,1
Punnapra Vayalar Memorial,Alappuzha,Historic site of the communist uprising against the British,"Political history tour, Photography",Kerala,India,Heritage,"Cultural, Photography",October to March,Moderate,1
Haripad Subrahmanya Swamy Temple,Alappuzha,One of the oldest and largest temples dedicated to Murugan,"Pilgrimage, Viewing traditional temple festivals",Kerala,India,Temple/Religious,Spiritual,October to March,Moderate,1
Fort Kochi Beach,Ernakulam,Historic colonial charm and sunset views,"Strolling, Photography, Watching Chinese fishing nets",Kerala,India,Heritage,"Beach, Photography",October to March,Moderate,1
Chinese Fishing Nets,Ernakulam,Iconic 14th-century mechanical fishing lift nets,"Photography, Interactive fishing experience",Kerala,India,Sightseeing,Photography,October to March,Moderate,1
Mattancherry Palace (Dutch Palace),Ernakulam,Kerala murals and portraits of Kochi Rajas,"Museum tour, History exploration, Photography",Kerala,India,Heritage,"Cultural, Photography",October to March,Moderate,1
Jewish Synagogue (Paradesi Synagogue),Ernakulam,Oldest active synagogue in the Commonwealth,"Antique viewing, History study, Sightseeing",Kerala,India,Temple/Religious,Cultural,October to March,Moderate,1
Marine Drive,Ernakulam,Scenic waterfront promenade in the heart of the city,"Boating, Evening walks, Shopping",Kerala,India,Shopping,Photography,October to March,Moderate,1
Hill Palace Museum,Ernakulam,Largest archaeological museum in Kerala,"Royal artifact viewing, Horse riding, Deer park visit",Kerala,India,Heritage,Cultural,October to March,Moderate,1
Bolgatty Palace,Ernakulam,Oldest Dutch palace built outside Holland,"Heritage stay, Golfing, Bird watching",Kerala,India,Wildlife,"Eco, Cultural",October to March,Budget,1
Willingdon Island,Ernakulam,Man-made island and major commercial port,"Harbor views, Luxury dining, Photography",Kerala,India,Island,"Photography, Leisure",October to March,Moderate,1
Cherai Beach,Ernakulam,10-km long beach where the sea meets backwaters,"Swimming, Dolphin spotting, Water sports",Kerala,India,Beach,Beach,October to March,Moderate,2
Wonderla Amusement Park,Ernakulam,State-of-the-art water and land theme park,"Thrilling rides, Family fun, 3D shows",Kerala,India,Garden/Nature,Family,October to March,Moderate,1
Lulu Mall,Ernakulam,One of the largest shopping malls in India,"Shopping, Ice skating, Multi-cuisine dining",Kerala,India,Shopping,Sightseeing,October to March,Moderate,1
Mangalavanam Bird Sanctuary,Ernakulam,Ecologically sensitive urban mangrove forest,"Bird watching, Nature trails, Observation tower climbing",Kerala,India,Wildlife,"Adventure, Eco",October to March,Budget,1
St. Francis Church,Ernakulam,First European church built in India,"History tour, Viewing the original tomb of Vasco da Gama",Kerala,India,Temple/Religious,"Spiritual, Cultural",October to March,Moderate,1
Santa Cruz Cathedral Basilica,Ernakulam,Gothic-style architecture and vibrant ceiling paintings,"Pilgrimage, Architecture photography",Kerala,India,Temple/Religious,"Spiritual, Cultural, Photography",October to March,Moderate,1
Kerala Folklore Museum,Ernakulam,A treasure house of ethnic and cultural artifacts,"Art appreciation, Cultural performances, Museum tour",Kerala,India,Heritage,Cultural,October to March,Moderate,1
Chottanikkara Devi Temple,Ernakulam,Famous temple dedicated to Goddess Bhagavathy,"Pilgrimage, Watching traditional rituals",Kerala,India,Temple/Religious,Spiritual,October to March,Moderate,1
Thattekad Bird Sanctuary,Ernakulam,Richest bird habitat in peninsular India,"Bird watching, Kayaking, Forest trekking",Kerala,India,Wildlife,"Adventure, Eco",October to March,Budget,1
Bhoothathankettu Dam,Ernakulam,Scenic dam site with an ancient natural rock fort,"Boating, Jungle trekking, Picnic",Kerala,India,Wildlife,"Adventure, Eco, Family",October to March,Budget,1
Kodanad Elephant Training Centre,Ernakulam,One of the largest elephant rescue centers in Kerala,"Elephant interaction, Wildlife photography",Kerala,India,Wildlife,"Eco, Photography",October to March,Budget,1
Malayattoor Church,Ernakulam,Famous hilltop shrine of St. Thomas the Apostle,"Mountain trekking, Pilgrimage, Panoramic viewing",Kerala,India,Temple/Religious,"Adventure, Spiritual",October to March,Budget,1
Paniyeli Poru,Ernakulam,Natural bottleneck in the Periyar River with rapids,"Forest trekking, River photography, Picnic",Kerala,India,Mountain/Hill,"Adventure, Eco, Family",October to March,Budget,1
Kadamakkudy Islands,Ernakulam,Cluster of quiet islands with sprawling prawn farms,"Canoeing, Sunset photography, Toddyshop visits",Kerala,India,Island,"Beach, Photography",October to March,Moderate,1
Indo-Portuguese Museum,Ernakulam,Preserves the heritage of the Portuguese influence in Kochi,"History study, Viewing religious artifacts",Kerala,India,Heritage,"Spiritual, Cultural",October to March,Moderate,1
Jew Town,Ernakulam,"Hub of antique shops, spices, and handicrafts","Souvenir shopping, Street photography, Spice tasting",Kerala,India,Garden/Nature,Photography,October to March,Moderate,1
Areekkal Waterfalls,Ernakulam,Lesser-known multi-tiered seasonal waterfall,"Swimming in natural pools, Forest trek",Kerala,India,Waterfall,Eco,October to March,Budget,1
Munambam Beach,Ernakulam,Serene beach at the north end of Vypeen Island,"Fishing, Watching sunset, Long walks",Kerala,India,Beach,"Beach, Photography",October to March,Moderate,2
Vasco House,Ernakulam,One of the oldest Portuguese residences in India,"Heritage sightseeing, Photography",Kerala,India,Heritage,"Cultural, Photography",October to March,Moderate,1
Subhash Park,Ernakulam,Public park overlooking the Vembanad Lake,"Evening relaxation, Musical fountain shows",Kerala,India,Lake/Water,Sightseeing,October to March,Moderate,1
Edappally St. George Forane Church,Ernakulam,One of the oldest Catholic churches in Kerala,"Pilgrimage, Viewing ancient architecture",Kerala,India,Temple/Religious,"Spiritual, Cultural",October to March,Moderate,1
Kuzhupilly Beach,Ernakulam,Scenic beach with pine trees and backwater proximity,"Swimming, Photography, Quiet relaxation",Kerala,India,Beach,"Beach, Photography",October to March,Moderate,2
Athirappilly Waterfalls,Thrissur,"Largest waterfall in Kerala, known as the 'Niagara of India'","Forest trekking, Photography, Nature walks",Kerala,India,Waterfall,"Adventure, Eco, Photography",October to March,Budget,1
Vadakkunnathan Temple,Thrissur,Ancient Shiva temple with classic Kerala architecture,"Pilgrimage, Architecture study, Mural viewing",Kerala,India,Temple/Religious,"Spiritual, Cultural",October to March,Moderate,1
Guruvayur Sree Krishna Temple,Thrissur,One of the most important Krishna shrines in India,"Pilgrimage, Witnessing temple rituals, Elephant camp visit",Kerala,India,Wildlife,Spiritual,October to March,Moderate,1
Sakthan Thampuran Palace,Thrissur,Former palace of the Kochi Rajas with Dutch-Kerala style,"Museum tour, History exploration, Garden walks",Kerala,India,Heritage,Cultural,October to March,Moderate,1
Thrissur Zoo & State Museum,Thrissur,One of the oldest zoos in India with a diverse animal collection,"Wildlife viewing, Visiting the Art and Natural History museum",Kerala,India,Wildlife,"Eco, Cultural",October to March,Budget,1
Basilica of Our Lady of Dolours,Thrissur,Tallest church in India with stunning Gothic architecture,"Pilgrimage, Climbing the Bible Tower for city views",Kerala,India,Temple/Religious,"Adventure, Spiritual, Cultural",October to March,Budget,1
Punnathur Kotta (Elephant Sanctuary),Thrissur,Fort-palace housing over 50 temple elephants,"Elephant watching, Photography, Learning about elephant care",Kerala,India,Wildlife,"Spiritual, Photography",October to March,Moderate,1
Vazhachal Waterfalls,Thrissur,Scenic riverside waterfall near Athirappilly,"Nature photography, Forest walks, Relaxation",Kerala,India,Waterfall,"Eco, Photography",October to March,Budget,1
Kerala Kalamandalam,Thrissur,Premier center for learning traditional performing arts,"Watching Kathakali/Mohiniyattam performances, Cultural tours",Kerala,India,Sightseeing,Sightseeing,October to March,Moderate,1
Peechi Dam,Thrissur,Scenic reservoir and botanical garden,"Boating, Jungle trekking, Wildlife spotting at the sanctuary",Kerala,India,Wildlife,"Adventure, Eco, Photography",October to March,Budget,1
Chavakkad Beach,Thrissur,Pristine beach where the river meets the sea (Azhimukham),"Swimming, Beach football, Sunset viewing",Kerala,India,Beach,"Beach, Photography",October to March,Moderate,2
Vilangan Kunnu,Thrissur,Hilltop offering a panoramic view of Thrissur city,"Children's park, Sunset viewing, Photography",Kerala,India,Garden/Nature,"Family, Beach, Photography",October to March,Moderate,1
Kodungallur Sree Kurumba Bhagavathy Temple,Thrissur,Ancient temple famous for the Bharani festival,"Pilgrimage, Historical study, Cultural exploration",Kerala,India,Temple/Religious,Spiritual,October to March,Moderate,1
Cheraman Juma Masjid,Thrissur,The first mosque built in India (629 AD),"History tour, Architecture study, Religious visit",Kerala,India,Temple/Religious,"Spiritual, Cultural",October to March,Moderate,1
Kauthuka Park,Thrissur,Man-made forest and biodiversity park,"Bird watching, Exploring medicinal plants, Nature study",Kerala,India,Wildlife,Eco,October to March,Budget,1
Thumboormuzhi Dam & Garden,Thrissur,Riverside garden with a hanging bridge,"Butterfly safari, Photography, Children's park",Kerala,India,Wildlife,"Family, Photography",October to March,Moderate,1
Chimmini Wildlife Sanctuary,Thrissur,Diverse forest area around the Chimmini Dam,"Trekking, Bird watching, Bamboo rafting",Kerala,India,Wildlife,"Adventure, Eco",October to March,Budget,1
Bible Tower,Thrissur,Tallest church tower in Asia attached to the Basilica,"Panoramic city viewing, Viewing biblical art",Kerala,India,Temple/Religious,Spiritual,October to March,Moderate,1
Snehatheeram Beach,Thrissur,Well-maintained 'Love Shore' beach with a park,"Beach walks, Family picnic, Swimming",Kerala,India,Beach,"Family, Beach",October to March,Moderate,2
Thriprayar Sree Rama Temple,Thrissur,Important temple dedicated to Lord Rama on the riverbank,"Pilgrimage, Feeding the fish (Meenoottu), Architecture study",Kerala,India,Temple/Religious,"Spiritual, Cultural",October to March,Moderate,1
Marottichal Waterfalls,Thrissur,Hidden forest waterfalls (Olakkayam & Ilanjippara),"Forest trekking, Natural pool bathing, Photography",Kerala,India,Waterfall,"Adventure, Eco, Photography",October to March,Budget,1
Vaidyaratnam Ayurveda Museum,Thrissur,Museum showcasing the history and evolution of Ayurveda,"Educational tour, Viewing 3D presentations on Ayurveda",Kerala,India,Heritage,Cultural,October to March,Moderate,1
Sree Koodalmanikyam Temple,Thrissur,The only temple in India dedicated to Bharatha,"Pilgrimage, Architecture photography, Festival viewing",Kerala,India,Temple/Religious,"Spiritual, Cultural, Photography",October to March,Moderate,1
Vazhani Dam,Thrissur,One of the largest clay dams in Kerala,"Picnic, Viewing the unique earth-fill structure",Kerala,India,Lake/Water,Family,October to March,Moderate,1
Azhikode Munakkal Beach,Thrissur,Largest beach in Thrissur with a casuarina forest,"Beach cycling, Sunset viewing, Relaxation",Kerala,India,Beach,"Eco, Beach, Photography",October to March,Budget,2
Palayur Church,Thrissur,Historic church established by St. Thomas in 52 AD,"History tour, Pilgrimage, Museum visit",Kerala,India,Temple/Religious,"Spiritual, Cultural",October to March,Moderate,1
St. Mary's Forane Church (Koratty),Thrissur,Important Marian pilgrimage center,"Pilgrimage, Viewing ancient church architecture",Kerala,India,Temple/Religious,"Spiritual, Cultural",October to March,Moderate,1
Arattupuzha Temple,Thrissur,Host of the world's oldest and largest 'Devamela',"Pilgrimage, Watching grand elephant processions",Kerala,India,Wildlife,Spiritual,October to March,Moderate,1
Thiruvambady Sree Krishna Temple,Thrissur,Major participant in the Thrissur Pooram,"Pilgrimage, Cultural exploration",Kerala,India,Temple/Religious,Spiritual,October to March,Moderate,1
Paramekkavu Bhagavathy Temple,Thrissur,Ancient temple located near Vadakkunnathan,"Pilgrimage, Traditional percussion (Melam) viewing",Kerala,India,Temple/Religious,Spiritual,October to March,Moderate,1
Palakkad Fort (Tipu's Fort),Palakkad,Well-preserved 18th-century granite fort,"History tour, Morning walks, Photography",Kerala,India,Heritage,"Cultural, Photography",October to March,Moderate,1
Malampuzha Dam & Gardens,Palakkad,Largest reservoir in Kerala with a rock garden,"Ropeway ride, Boating, Visiting the Yakshi statue",Kerala,India,Lake/Water,Sightseeing,October to March,Moderate,1
Silent Valley National Park,Palakkad,Last representative of tropical evergreen rainforest,"Wildife safari, Trekking, Bird watching",Kerala,India,Wildlife,"Adventure, Eco",October to March,Budget,1
Nelliyampathy Hills,Palakkad,Hill station known as the 'Poor Man's Ooty',"Off-road trekking, Visiting orange farms, Viewpoint viewing",Kerala,India,Mountain/Hill,"Adventure, Photography",October to March,Budget,3
Dhoni Waterfalls,Palakkad,Small but scenic waterfall reached by a forest trek,"Nature trekking, Forest bathing, Photography",Kerala,India,Waterfall,"Adventure, Eco, Photography",October to March,Budget,1
Parambikulam Tiger Reserve,Palakkad,Biodiversity hotspot with the world's oldest teak tree,"Jungle safari, Bamboo rafting, Treehouse stay",Kerala,India,Wildlife,"Adventure, Eco",October to March,Budget,1
Kanjirapuzha Dam,Palakkad,Scenic dam surrounded by the evergreen hills,"Boating, Photography, Family picnic in the gardens",Kerala,India,Lake/Water,"Family, Photography",October to March,Moderate,1
Pothundi Dam,Palakkad,One of India's oldest earth dams built with jaggery and lime,"Picnic, Photography, Viewing the engineering structure",Kerala,India,Lake/Water,"Family, Photography",October to March,Moderate,1
Seetharkundu Viewpoint,Palakkad,Stunning cliff view in the Nelliyampathy range,"Landscape photography, Trekking, Sunset viewing",Kerala,India,Beach,"Adventure, Beach, Photography",October to March,Budget,2
Kalpathy Heritage Village,Palakkad,One of the oldest Brahmin settlements in Kerala,"Heritage walk, Attending the chariot festival (Ratholsavam)",Kerala,India,Heritage,Cultural,October to March,Moderate,1
Jain Temple of Jainimedu,Palakkad,Historic 15th-century granite temple,"Architecture study, Religious visit, History tour",Kerala,India,Temple/Religious,"Spiritual, Cultural",October to March,Moderate,1
Varikkassery Mana,Palakkad,Traditional Brahmin homestead featured in many films,"Heritage photography, Architecture tour, Film site visit",Kerala,India,Heritage,"Cultural, Photography",October to March,Moderate,1
Siruvani Reservoir,Palakkad,Home to the world's second tastiest water,"Forest trekking, Wildlife spotting, Photography",Kerala,India,Wildlife,"Adventure, Eco, Photography",October to March,Budget,1
Attappadi Hills,Palakkad,Tribal heartland with rolling hills and rivers,"Cultural study of tribal life, Nature photography",Kerala,India,Lake/Water,"Eco, Photography",October to March,Budget,1
Meenvallam Waterfalls,Palakkad,Ten-step waterfall deep inside the forest,"Trekking, Swimming in natural pools, Photography",Kerala,India,Waterfall,"Adventure, Eco, Photography",October to March,Budget,1
Fantasy Park,Palakkad,Kerala's first premier amusement and water park,"Water rides, Planetarium visit, Family entertainment",Kerala,India,Garden/Nature,Family,October to March,Moderate,1
Mayiladumpara Peacock Sanctuary,Palakkad,Natural habitat for a large number of peacocks,"Peacock spotting, Nature walks, Photography",Kerala,India,Sightseeing,"Eco, Photography",October to March,Budget,1
Ottapalam (Bharatuzhapuzha Banks),Palakkad,Scenic riverbanks with traditional Kerala vibes,"River-side relaxation, Photography, Visiting nearby temples",Kerala,India,Temple/Religious,"Spiritual, Photography",October to March,Moderate,1
Chulanur Peafowl Sanctuary,Palakkad,Protected area for peafowl and medicinal plants,"Bird watching, Nature photography, Forest trekking",Kerala,India,Wildlife,"Adventure, Eco, Photography",October to March,Budget,1
Mangatiri River View,Palakkad,Scenic spot where the river winds through paddy fields,"Photography, Evening walks, Nature appreciation",Kerala,India,Lake/Water,"Eco, Photography",October to March,Budget,1
Kollengode Palace,Palakkad,Heritage palace with traditional architecture,"Photography, History tour, Exploring the foothills",Kerala,India,Heritage,"Cultural, Photography",October to March,Moderate,1
Seetharkundu Waterfalls,Palakkad,Seasonal waterfall located near the viewpoint,"Nature walks, Photography, Refreshing in the stream",Kerala,India,Waterfall,"Eco, Photography",October to March,Budget,1
Thiruvalathur Randu Moorthy Temple,Palakkad,Ancient temple with grand architecture and wood carvings,"Pilgrimage, Architecture study, Viewing temple murals",Kerala,India,Temple/Religious,"Spiritual, Cultural",October to March,Moderate,1
Vellinezhi (Cultural Village),Palakkad,Center for traditional arts like Kathakali and Koodiyattam,"Learning about art forms, Watching mask making, Cultural tour",Kerala,India,Sightseeing,Sightseeing,October to March,Moderate,1
Chittur Gurumadhom,Palakkad,"Memorial of Thunchath Ezhuthachan, father of Malayalam","Literary history tour, Religious visit",Kerala,India,Sightseeing,"Spiritual, Cultural",October to March,Moderate,1
Walayar Dam,Palakkad,Reservoir near the Tamil Nadu border,"Roadside stopover, Photography, Viewing the dam",Kerala,India,Lake/Water,Photography,October to March,Moderate,1
Mangalam Dam,Palakkad,Scenic reservoir surrounded by forest plantations,"Picnic, Photography, Wildlife spotting",Kerala,India,Wildlife,"Eco, Family, Photography",October to March,Budget,1
Kottayi (Chembai Memorial),Palakkad,Birthplace of Carnatic music legend Chembai Vaidyanatha,"Music history tour, Visiting the memorial",Kerala,India,Sightseeing,Cultural,October to March,Moderate,1
Meenkara Dam,Palakkad,Dam part of the Gayatri project with a beautiful park,"Boating, Family picnic, Evening strolls",Kerala,India,Lake/Water,Family,October to March,Moderate,1
Siruvani Falls,Palakkad,Waterfall located in the dense Siruvani forest,"Forest trekking, Photography, Nature walks",Kerala,India,Waterfall,"Adventure, Eco, Photography",October to March,Budget,1
Nilambur Teak Museum,Malappuram,World's first teak museum,"Museum tour, Learning about forest history, Photography",Kerala,India,Heritage,"Eco, Cultural, Photography",October to March,Budget,1
Conolly's Plot,Malappuram,World's oldest teak plantation,"Nature walks, Viewing the giant Teak trees, Hanging bridge walk",Kerala,India,Garden/Nature,Eco,October to March,Budget,1
Kottakkunnu,Malappuram,Known as the Marine Drive of Malappuram,"Open-air theater, 16D cinema, Adventure park, Evening strolls",Kerala,India,Garden/Nature,Sightseeing,October to March,Moderate,1
Kodikuthimala,Malappuram,Known as the 'Mini Ooty' of Malappuram,"High-altitude trekking, Camping, Sunset viewing",Kerala,India,Mountain/Hill,"Adventure, Beach, Photography",October to March,Budget,1
Adyanpara Waterfalls,Malappuram,Cascading waterfall in the middle of a forest,"Swimming in natural pools, Trekking, Picnic",Kerala,India,Waterfall,"Adventure, Eco, Family",October to March,Budget,1
Kadalundi Bird Sanctuary,Malappuram,Estuary where the river meets the Arabian Sea,"Bird watching, Boat cruising, Mangrove exploration",Kerala,India,Wildlife,Eco,October to March,Budget,1
Thirunavaya Nava Mukunda Temple,Malappuram,Ancient temple on the banks of Bharatapuzha,"Pilgrimage, Performing ancestral rites, Architecture study",Kerala,India,Temple/Religious,"Spiritual, Cultural",October to March,Moderate,1
Kottakkal Arya Vaidya Sala,Malappuram,World-renowned center for Ayurvedic treatments,"Ayurvedic wellness tour, Visiting the herb garden",Kerala,India,Garden/Nature,Leisure,October to March,Moderate,1
Pazhayangadi Mosque (Kondotty),Malappuram,500-year-old mosque with Mughal architecture,"History tour, Architecture photography, Religious visit",Kerala,India,Temple/Religious,"Spiritual, Cultural, Photography",October to March,Moderate,1
Padinjarekkara Beach,Malappuram,Convergence point of Bharatapuzha and Tirur River,"Speed boating, Bird watching, Watching the 'Azhimukham'",Kerala,India,Wildlife,Eco,October to March,Budget,1
Thunchan Paramba,Malappuram,"Birthplace of Ezhuthachan, the father of Malayalam","Literary history tour, Initiating children into writing (Vidyarambam)",Kerala,India,Sightseeing,"Family, Cultural",October to March,Moderate,1
Mini Ooty (Arimbra Hills),Malappuram,Misty hill station with panoramic views,"Off-road driving, Photography, Sightseeing",Kerala,India,Mountain/Hill,Photography,October to March,Moderate,3
Nedumkayam Rainforest,Malappuram,Rich biodiversity zone and wooden rest house,"Forest trekking, Wildlife spotting, River bathing",Kerala,India,Wildlife,"Adventure, Eco",October to March,Budget,1
Kadampuzha Bhagavathy Temple,Malappuram,Ancient temple with no idol (worship at a hole),"Pilgrimage, Cultural exploration, Tasting local temple food",Kerala,India,Temple/Religious,Spiritual,October to March,Moderate,1
Mampuram Maqam,Malappuram,Major Islamic pilgrimage site and shrine,"Pilgrimage, Learning about Malabar rebellion history",Kerala,India,Temple/Religious,"Spiritual, Cultural",October to March,Moderate,1
Biyyam Kayal,Malappuram,Serene backwater lake near Ponnani,"Boating, Watching the annual boat race, Relaxation",Kerala,India,Lake/Water,Sightseeing,October to March,Moderate,2
Angadippuram Thirumandhamkunnu Temple,Malappuram,Ancient hilltop temple of Valluvanad Rajas,"Pilgrimage, Watching the Pooram festival, Photography",Kerala,India,Temple/Religious,"Spiritual, Photography",October to March,Moderate,1
Poonthanam Illam,Malappuram,Birthplace of the legendary poet Poonthanam,"History tour, Viewing 500-year-old traditional architecture",Kerala,India,Sightseeing,Cultural,October to March,Moderate,1
Flora Fantasia Amusement Park,Malappuram,Major water and land theme park,"Water slides, Family entertainment, Thrill rides",Kerala,India,Garden/Nature,Family,October to March,Moderate,1
Keralamkundu Waterfalls,Malappuram,Crystal clear pool at the base of a waterfall,"Swimming, Forest photography, Nature walks",Kerala,India,Waterfall,"Eco, Photography",October to March,Budget,1
Cheraman Juma Masjid (Ponnani),Malappuram,Historic center of Islamic learning,"Religious visit, Architecture study",Kerala,India,Heritage,"Spiritual, Cultural",October to March,Moderate,1
Valiya Juma Masjid,Malappuram,One of the oldest mosques in Kerala,"Pilgrimage, Viewing ancient tomb carvings",Kerala,India,Temple/Religious,Spiritual,October to March,Moderate,1
Nilambur Kovilakom,Malappuram,Traditional residences of the Nilambur rulers,"Heritage walk, Viewing wooden architecture",Kerala,India,Heritage,Cultural,October to March,Moderate,1
Aruvacode Pottery Village,Malappuram,Village famous for traditional and modern pottery,"Pottery workshops, Craft shopping, Cultural tour",Kerala,India,Shopping,Sightseeing,October to March,Moderate,1
Kozhippara Waterfalls,Malappuram,Stunning waterfall near the Kakkadampoyil hills,"Trekking, Rock climbing, Swimming",Kerala,India,Waterfall,Adventure,October to March,Budget,1
Thooval Theeram Beach,Malappuram,Quiet coastal spot with a children's park,"Beach walking, Floating bridge walk, Evening picnic",Kerala,India,Beach,"Family, Beach",October to March,Moderate,2
Noor Lake,Malappuram,Outdoor studio and nature park,"Nature photography, Boating, Family outing",Kerala,India,Garden/Nature,"Eco, Family, Photography",October to March,Budget,1
Karma Road (Ponnani),Malappuram,Riverside walkway along the Nila river,"Cycling, Evening strolls, Tasting Ponnani snacks",Kerala,India,Lake/Water,Sightseeing,October to March,Moderate,1
Garuda Temple (Triprangode),Malappuram,Only temple in India dedicated to Garuda,"Pilgrimage, Viewing rare temple sculptures",Kerala,India,Temple/Religious,Spiritual,October to March,Moderate,1
Alathiyoor Hanuman Temple,Malappuram,Ancient temple associated with Sage Vasishta,"Pilgrimage, Mythology exploration",Kerala,India,Temple/Religious,Spiritual,October to March,Moderate,1
Kozhikode Beach,Kozhikode,Historic beach with old piers and a lighthouse,"Evening walks, Tasting 'Kozhikode Ice' (Pickled fruit), Sunset viewing",Kerala,India,Beach,"Beach, Photography",October to March,Moderate,2
Kappad Beach,Kozhikode,The spot where Vasco da Gama landed in 1498,"History tour, Swimming, Beach games, Photography",Kerala,India,Beach,"Cultural, Beach, Photography",October to March,Moderate,2
S.M. Street (Sweet Meat Street),Kozhikode,Iconic shopping street famous for Kozhikoden Halwa,"Shopping for handicrafts, Food tasting, Street photography",Kerala,India,Shopping,Photography,October to March,Moderate,1
Mananchira Square,Kozhikode,Man-made lake and park at the city center,"Evening relaxation, Musical fountain shows, Photography",Kerala,India,Lake/Water,Photography,October to March,Moderate,1
Beypore Port & Beach,Kozhikode,"One of the oldest ports in Kerala, famous for 'Uru' making","Watching traditional boat building, Walking on the 2km long stone pier",Kerala,India,Sightseeing,Sightseeing,October to March,Moderate,1
Kakkayam Dam,Kozhikode,Scenic dam site surrounded by dense forest,"Trekking, Rock climbing, Forest safari, Boating",Kerala,India,Wildlife,"Adventure, Eco, Photography",October to March,Budget,1
Tali Maha Shiva Temple,Kozhikode,14th-century temple with intricate wood carvings,"Pilgrimage, Architecture study, Viewing Revathi Pattathanam venue",Kerala,India,Temple/Religious,"Spiritual, Cultural",October to March,Moderate,1
Canoli Canal,Kozhikode,Historic canal commissioned by British collector Canolly,"Boating, Evening walks along the banks, Photography",Kerala,India,Heritage,Photography,October to March,Moderate,1
Pazhassi Raja Museum,Kozhikode,"Museum showcasing ancient coins, bronzes, and mural copies","History tour, Archaeological study, Viewing artifacts",Kerala,India,Heritage,Cultural,October to March,Moderate,1
Kozhikode Planetarium,Kozhikode,Hybrid planetarium with space and science shows,"Space exploration shows, Science park visit, Educational tour",Kerala,India,Garden/Nature,Leisure,October to March,Moderate,1
Sarovaram Biopark,Kozhikode,Eco-friendly park dedicated to mangrove conservation,"Boating, Canal cruises, Bird watching, Walking trails",Kerala,India,Wildlife,"Eco, Leisure",October to March,Budget,1
Vellari Mala,Kozhikode,Trekking destination with stunning mountain views,"High-altitude trekking, Camping, Photography",Kerala,India,Mountain/Hill,"Adventure, Photography",October to March,Budget,3
Janaki Forest (Janaki Kadu),Kozhikode,Rich biodiversity zone and eco-tourism spot,"Nature walks, Bird watching, Forest exploration",Kerala,India,Wildlife,Eco,October to March,Budget,1
Mishkal Mosque,Kozhikode,One of the oldest mosques in Kerala with unique architecture,"History tour, Architecture photography, Religious visit",Kerala,India,Temple/Religious,"Spiritual, Cultural, Photography",October to March,Moderate,1
Iringal Craft Village (Sargaalaya),Kozhikode,Award-winning village showcasing traditional crafts,"Watching artisans at work, Craft shopping, Boating",Kerala,India,Shopping,Sightseeing,October to March,Moderate,1
Lokanarkavu Temple,Kozhikode,Ancient temple associated with martial arts hero Thacholi Othenan,"Pilgrimage, Watching Kalarippayattu (on special occasions)",Kerala,India,Temple/Religious,Spiritual,October to March,Moderate,1
Peruvannamuzhi Dam,Kozhikode,Reservoir with a crocodile farm and bird sanctuary,"Boating, Visiting the spice garden, Crocodile spotting",Kerala,India,Wildlife,Sightseeing,October to March,Moderate,1
Kottaikkal Juma Masjid,Kozhikode,Historic mosque with wood carvings and murals,"Architecture study, Religious visit, History tour",Kerala,India,Temple/Religious,"Spiritual, Cultural",October to March,Moderate,1
Elathur Backwaters,Kozhikode,Serene spot where the river and lake meet,"Boating, Fishing, Tasting local seafood",Kerala,India,Lake/Water,Sightseeing,October to March,Moderate,1
Focus Mall,Kozhikode,One of the oldest modern shopping malls in Kerala,"Shopping, Indoor games, Multi-cuisine dining",Kerala,India,Shopping,Sightseeing,October to March,Moderate,1
HiLite Mall,Kozhikode,Large shopping complex with national and international brands,"Shopping, Movie watching, Food court exploration",Kerala,India,Shopping,Sightseeing,October to March,Moderate,1
Kunjali Marakkar Memorial,Kozhikode,Museum dedicated to the naval chief of the Zamorin,"History tour, Viewing naval artifacts, Photography",Kerala,India,Heritage,"Cultural, Photography",October to March,Moderate,1
Malabar Botanical Garden,Kozhikode,Research center and park for aquatic plants,"Educational tour, Photography, Nature study",Kerala,India,Garden/Nature,"Eco, Photography",October to March,Budget,1
Kadalundi-Vallikkunnu Community Reserve,Kozhikode,India's first community reserve for birds,"Bird watching, Eco-tourism walks, Boat transit",Kerala,India,Wildlife,Eco,October to March,Budget,1
Muchundi Mosque,Kozhikode,13th-century mosque with Vattezhuthu inscriptions,"Historical research, Architecture study, Religious visit",Kerala,India,Temple/Religious,"Spiritual, Cultural",October to March,Moderate,1
Dolphin's Point,Kozhikode,Spot on the beach where dolphins are occasionally seen,"Morning walks, Dolphin spotting, Photography",Kerala,India,Beach,"Beach, Photography",October to March,Moderate,2
Pookad Kalalayam,Kozhikode,Cultural center for learning music and dance,"Watching cultural rehearsals, Art appreciation",Kerala,India,Sightseeing,Sightseeing,October to March,Moderate,1
Muzhappilangad Drive-in Beach,Kannur,Longest drive-in beach in Asia,"Beach driving, Swimming, Parasailing, Photography",Kerala,India,Beach,"Beach, Photography",October to March,Moderate,2
St. Angelo Fort,Kannur,Massive 16th-century Portuguese seaside fort,"History tour, Panoramic sea viewing, Photography",Kerala,India,Beach,"Cultural, Photography",October to March,Moderate,2
Payyambalam Beach,Kannur,Pristine beach with a famous 'Mother and Child' sculpture,"Evening walks, Swimming, Surfing, Picnic",Kerala,India,Beach,"Family, Beach",October to March,Moderate,2
Arakkal Museum,Kannur,Heritage museum of Kerala's only Muslim royal family,"Museum tour, Viewing royal artifacts, History study",Kerala,India,Heritage,"Family, Cultural",October to March,Moderate,1
Parassinikadavu Snake Park,Kannur,Conservation center for various species of snakes,"Snake watching, Educational tour, Photography",Kerala,India,Sightseeing,Photography,October to March,Moderate,1
Parassinikadavu Muthappan Temple,Kannur,Unique temple where Theyyam is performed daily,"Watching Theyyam, Pilgrimage, River-side relaxation",Kerala,India,Temple/Religious,Spiritual,October to March,Moderate,1
Aralam Wildlife Sanctuary,Kannur,Northernmost wildlife sanctuary in Kerala,"Jungle safari, Trekking to Meenmutty falls, Bird watching",Kerala,India,Waterfall,"Adventure, Eco",October to March,Budget,2
Paithalmala,Kannur,Highest geographic peak in Kannur district,"Mountain trekking, Nature photography, Camping",Kerala,India,Mountain/Hill,"Adventure, Eco, Photography",October to March,Budget,3
Palakkayam Thattu,Kannur,Beautiful hill station with views of the Western Ghats,"Off-road driving, Sunset viewing, Trekking",Kerala,India,Mountain/Hill,"Adventure, Beach, Photography",October to March,Budget,3
Dharmadam Island,Kannur,Uninhabited island reachable by foot during low tide,"Nature walks, Photography, Solitude seeking",Kerala,India,Island,"Eco, Photography",October to March,Budget,1
Madayipara,Kannur,Laterite plateau known for its seasonal flowers,"Nature photography, Bird watching, Viewing ancient fort ruins",Kerala,India,Wildlife,"Eco, Cultural, Photography",October to March,Budget,1
Ezhimala,Kannur,Historic seven hills once the capital of Mooshika kings,"Trekking, Visiting the nearby Naval Academy, Photography",Kerala,India,Heritage,"Adventure, Photography",October to March,Budget,1
Meenkunnu Beach,Kannur,Extension of Payyambalam beach with golden sands,"Swimming, Relaxation, Evening strolls",Kerala,India,Beach,Beach,October to March,Moderate,2
Kizhunna Ezhara Beach,Kannur,Secluded twin beaches with rocky cliffs,"Sunbathing, Photography, Quiet relaxation",Kerala,India,Beach,"Beach, Photography",October to March,Moderate,2
Choottad Beach,Kannur,Scenic beach located near a river confluence,"Beach games, Photography, Relaxing in casuarina groves",Kerala,India,Beach,"Beach, Photography",October to March,Moderate,2
Kavvayi Island,Kannur,Largest backwater stretch in North Kerala,"Houseboat cruising, Canoe rowing, Island exploration",Kerala,India,Lake/Water,Leisure,October to March,Moderate,2
Thalassery Fort,Kannur,18th-century British fort overlooking the sea,"History tour, Architecture photography, Sightseeing",Kerala,India,Heritage,"Cultural, Photography",October to March,Moderate,1
Gundert Bungalow,Kannur,Residence of Dr. Hermann Gundert who wrote the first Malayalam dictionary,"History tour, Literary exploration, Photography",Kerala,India,Sightseeing,"Cultural, Photography",October to March,Moderate,1
Peralassery Hanging Bridge,Kannur,Scenic suspension bridge across the Anjarakandy river,"Walking on the bridge, Photography, River viewing",Kerala,India,Lake/Water,Photography,October to March,Moderate,1
Vismaya Water Park,Kannur,Modern water-themed amusement park,"Water slides, Family fun, Wave pool relaxation",Kerala,India,Garden/Nature,Family,October to March,Moderate,1
Sadhoo Merry Kingdom,Kannur,Popular hillside water theme park,"Thrill rides, Kids' play area, Family outing",Kerala,India,Garden/Nature,Family,October to March,Moderate,1
Kannur Lighthouse,Kannur,First lighthouse in Kerala with a maritime museum,"Climbing the tower, Sunset viewing, Museum tour",Kerala,India,Heritage,"Adventure, Cultural, Beach",October to March,Budget,1
Mappila Bay,Kannur,Natural fishing harbor near the Arakkal Palace,"Watching fishing boats, Photography, Visiting the sea wall",Kerala,India,Heritage,Photography,October to March,Moderate,1
Valapattanam,Kannur,Historic town famous for its timber industry,"River cruising, Timber yard visit, Photography",Kerala,India,Heritage,Photography,October to March,Moderate,1
Pazhassi Dam,Kannur,Dam and scenic garden named after Pazhassi Raja,"Boating, Family picnic, Garden walks",Kerala,India,Lake/Water,"Family, Photography",October to March,Moderate,1
Sundareswara Temple,Kannur,Ancient temple established by Sree Narayana Guru,"Pilgrimage, Architecture study, Attending temple festivals",Kerala,India,Temple/Religious,"Spiritual, Cultural",October to March,Moderate,1
Rajarajeshwara Temple,Kannur,Famous Shiva temple with legendary traditions in Taliparamba,"Pilgrimage, Viewing traditional rituals, Architecture photography",Kerala,India,Temple/Religious,"Spiritual, Cultural, Photography",October to March,Moderate,1
Baby Beach,Kannur,"Small, peaceful beach located near the fort","Family picnic, Watching sunrise, Quiet walks",Kerala,India,Beach,"Family, Beach, Photography",October to March,Moderate,2
Peralassery Temple,Kannur,Famous for its unique stepped temple pond (Baoli),"Architecture photography, Pilgrimage, Feeding fish",Kerala,India,Temple/Religious,"Spiritual, Cultural, Photography",October to March,Moderate,1
Vayalapra Floating Park,Kannur,Eco-friendly park with a walkway over backwaters,"Pedal boating, Evening strolls, Sunset photography",Kerala,India,Lake/Water,"Eco, Beach, Photography",October to March,Budget,2
Bekal Fort,Kasaragod,Largest and best-preserved fort in Kerala,"Fort exploration, Beach walking, Photography, Sunset viewing",Kerala,India,Beach,"Beach, Photography",October to March,Moderate,2
Bekal Beach,Kasaragod,Adjacent to the fort with scenic walkways,"Swimming, Evening strolls, Family picnic",Kerala,India,Heritage,"Family, Photography",October to March,Moderate,1
Ananthapura Lake Temple,Kasaragod,Only lake temple in Kerala; home to a vegetarian crocodile,"Pilgrimage, Architecture photography, Watching the crocodile Babia",Kerala,India,Temple/Religious,"Spiritual, Cultural, Photography",October to March,Moderate,1
Ranipuram Hills,Kasaragod,Known as the 'Ooty of Kerala' with shola forests,"Trekking, Wildlife spotting, Nature photography",Kerala,India,Wildlife,"Adventure, Eco, Photography",October to March,Budget,1
Chandragiri Fort,Kasaragod,17th-century fort overlooking the Payaswini River,"History tour, Watching sunset over the river confluence, Photography",Kerala,India,Heritage,"Cultural, Beach, Photography",October to March,Moderate,1
Valiyaparamba Backwaters,Kasaragod,Most scenic backwaters in North Kerala,"Houseboat cruising, Island hopping, Fishing",Kerala,India,Lake/Water,"Photography, Leisure",October to March,Moderate,2
Malom Wildlife Sanctuary,Kasaragod,Lush green tropical rainforest,"Trekking, Bird watching, Wildlife photography",Kerala,India,Wildlife,"Adventure, Eco, Photography",October to March,Budget,1
Kottancheri Hills,Kasaragod,Rainforest-covered hills near the Brahmagiri range,"Trekking, Nature walks, Picnic",Kerala,India,Mountain/Hill,"Adventure, Eco, Family",October to March,Budget,1
Hosdurg Fort,Kasaragod,Chain of forts built by Somashekhara Nayaka,"History exploration, Visiting the nearby ashram, Photography",Kerala,India,Heritage,"Cultural, Photography",October to March,Moderate,1
Nileshwaram (Cultural Center),Kasaragod,The cultural hub of Kasaragod,"Watching Theyyam performances, Backwater cruising, Temple visits",Kerala,India,Temple/Religious,Spiritual,October to March,Moderate,1
Kareem's Forest Park,Kasaragod,India's first man-made forest by a private individual,"Eco-walks, Learning about reforestation, Nature study",Kerala,India,Eco Tourism,Eco,October to March,Budget,1
Maipady Palace,Kasaragod,Ancient seat of the Kumbla Kings,"Heritage tour, Architecture photography, History study",Kerala,India,Heritage,"Cultural, Photography",October to March,Moderate,1
Madhur Temple,Kasaragod,Sree Madanantheshwara Vinayaka Temple with unique architecture,"Pilgrimage, Architecture study, Viewing Ullasolsavam festival",Kerala,India,Temple/Religious,"Spiritual, Cultural",October to March,Moderate,1
Possadigumpe,Kasaragod,Hilltop offering views of the Arabian Sea and Kudremukh,"Picnic, High-altitude photography, Trekking",Kerala,India,Mountain/Hill,"Adventure, Family, Photography",October to March,Budget,1
Thaikadappuram Beach,Kasaragod,Famous for Olive Ridley turtles nesting,"Turtle watching (seasonal), Evening walks, Relaxation",Kerala,India,Sightseeing,Sightseeing,October to March,Moderate,1
Adoor Temple,Kasaragod,Ancient Shiva temple with beautiful wood carvings,"Pilgrimage, History tour, Architecture photography",Kerala,India,Temple/Religious,"Spiritual, Cultural, Photography",October to March,Moderate,1
Kanwatheertha Beach,Kasaragod,Large natural pool formation in the sea,"Swimming in the natural pool, Beach games, Picnic",Kerala,India,Beach,"Family, Beach",October to March,Moderate,2
Manjeshwaram (Religious Harmony),Kasaragod,"Known for its many churches, mosques, and temples","Cultural tour, Pilgrimage, Architecture study",Kerala,India,Temple/Religious,"Spiritual, Cultural",October to March,Moderate,1
Bela Church,Kasaragod,Oldest church in the district (Our Lady of Sorrows),"Pilgrimage, Architecture photography",Kerala,India,Temple/Religious,"Spiritual, Cultural, Photography",October to March,Moderate,1
Kappil Beach,Kasaragod,Secluded beach near Bekal,"Sunset viewing, Quiet relaxation, Photography",Kerala,India,Beach,"Beach, Photography",October to March,Moderate,2
Veeramala Hills,Kasaragod,Hilltop with ruins of a Dutch fort,"Short trekking, River viewing, Photography",Kerala,India,Heritage,"Adventure, Cultural, Photography",October to March,Budget,1
Cheruvathur Kotta,Kasaragod,Historic ruins of an ancient fort,"History exploration, Photography, Nature walks",Kerala,India,Heritage,"Eco, Cultural, Photography",October to March,Budget,1
Nellikunnu Mosque,Kasaragod,Famous for the 'Nercha' festival,"Pilgrimage, Cultural exploration, Architecture study",Kerala,India,Temple/Religious,"Spiritual, Cultural",October to March,Moderate,1
Trikkanad Tryambakeshwara Temple,Kasaragod,Temple located on the shores of the Arabian Sea,"Pilgrimage, Performing rituals, Sea-side viewing",Kerala,India,Beach,Spiritual,October to March,Moderate,1
Mallikarjuna Temple,Kasaragod,Ancient temple in the heart of Kasaragod town,"Pilgrimage, Festival participation, Architecture study",Kerala,India,Temple/Religious,"Spiritual, Cultural",October to March,Moderate,1
Malik Deenar Mosque,Kasaragod,"One of the best-kept mosques in India, built in Sahabi style","History tour, Religious visit, Architecture photography",Kerala,India,Temple/Religious,"Spiritual, Cultural, Photography",October to March,Moderate,1
Madiyan Koolom Temple,Kasaragod,Famous for its intricate wood carvings,"Art appreciation, Architecture photography, Pilgrimage",Kerala,India,Temple/Religious,"Spiritual, Cultural, Photography",October to March,Moderate,1
Manjamp,Kasaragod,Scenic viewpoint in the high ranges,"Nature photography, Relaxing, Sightseeing",Kerala,India,Mountain/Hill,"Eco, Photography",October to March,Budget,1
Paliyeri Bhagavathy Temple,Kasaragod,Ancient temple known for traditional rituals,"Cultural study, Pilgrimage, Photography",Kerala,India,Temple/Religious,"Spiritual, Photography",October to March,Moderate,1
Kanhangad (Town Center),Kasaragod,Commercial hub with local markets,"Shopping for Kasaragod sarees, Tasting local cuisine, City walks",Kerala,India,Shopping,Sightseeing,October to March,Moderate,1
Kumarakom Bird Sanctuary,Kottayam,Habitat for migratory birds on the banks of Vembanad Lake,"Bird watching, Canoe cruising, Nature photography",Kerala,India,Wildlife,"Eco, Photography",October to March,Budget,1
Vaikom Mahadeva Temple,Kottayam,One of the oldest Shiva temples in Kerala with a vast courtyard,"Pilgrimage, Architecture study, Viewing Vaikom Ashtami festival",Kerala,India,Temple/Religious,"Spiritual, Cultural",October to March,Moderate,1
Illikkal Kallu,Kottayam,Three distinct hills forming a massive rock peak,"High-altitude trekking, Photography, Sunset viewing",Kerala,India,Mountain/Hill,"Adventure, Beach, Photography",October to March,Budget,3
Elaveezhapoonchira,Kottayam,"Hill station where no trees grow, offering 360-degree views","Trekking, Camping, Watching sunrise/sunset",Kerala,India,Mountain/Hill,"Adventure, Beach, Photography",October to March,Budget,3
Aruvikkuzhi Waterfalls,Kottayam,Cascading waterfall surrounded by rubber plantations,"Picnic, Nature walks, Photography",Kerala,India,Waterfall,"Eco, Family, Photography",October to March,Budget,1
St. Mary's Orthodox Syrian Church (Kottayam Cheriapally),Kottayam,16th-century church with Persian and Portuguese architecture,"History tour, Viewing ancient murals, Architecture study",Kerala,India,Temple/Religious,"Spiritual, Cultural",October to March,Moderate,1
Vagamon Kurisumala,Kottayam,Christian pilgrimage center located on a scenic hill,"Hill trekking, Pilgrimage, Nature photography",Kerala,India,Temple/Religious,"Adventure, Eco, Spiritual",October to March,Budget,1
Marmala Waterfalls,Kottayam,Hidden forest waterfall near Erattupetta,"Off-road driving, Swimming in natural pools, Trekking",Kerala,India,Waterfall,"Adventure, Eco",October to March,Budget,1
Poonjar Palace,Kottayam,Historic palace housing royal antiques and palanquins,"Museum tour, History study, Architecture photography",Kerala,India,Heritage,"Cultural, Photography",October to March,Moderate,1
Thazhathangady Juma Masjid,Kottayam,1000-year-old mosque with exquisite wood carvings,"Architecture study, History tour, Religious visit",Kerala,India,Temple/Religious,"Spiritual, Cultural",October to March,Moderate,1
Kottayam Clock Tower,Kottayam,Iconic landmark in the heart of the town,"City sightseeing, Photography",Kerala,India,Sightseeing,Photography,October to March,Moderate,1
Ettumanoor Mahadeva Temple,Kottayam,Famous for its Dravidian murals and the 'Ezhara Ponnana',"Pilgrimage, Viewing mural art, Architecture photography",Kerala,India,Temple/Religious,"Spiritual, Cultural, Photography",October to March,Moderate,1
Discs & Machines Museum,Kottayam,A unique private museum of gramophones and vinyl,"Music history tour, Antique viewing",Kerala,India,Heritage,Cultural,October to March,Moderate,1
Thirunakkara Mahadeva Temple,Kottayam,Built by the Thekkumkur Raja in Kerala style,"Pilgrimage, Watching Kathakali and traditional dance",Kerala,India,Temple/Religious,Spiritual,October to March,Moderate,1
Kattikkayam Waterfalls,Kottayam,Scenic waterfall located near the Illikkal Kallu hills,"Trekking, Nature photography, Bathing in the stream",Kerala,India,Waterfall,"Adventure, Eco, Photography",October to March,Budget,1
Bharananganam St. Alphonsa Shrine,Kottayam,Pilgrimage center of Saint Alphonsa,"Pilgrimage, History tour, Visiting the museum",Kerala,India,Temple/Religious,"Spiritual, Cultural",October to March,Moderate,1
St. Mary's Forane Church (Athirampuzha),Kottayam,One of the oldest churches in India with historic artifacts,"Pilgrimage, Viewing ancient bells and crosses",Kerala,India,Temple/Religious,Spiritual,October to March,Moderate,1
Mozhikkal Heritage Village,Kottayam,Promotion center for ethnic arts and crafts,"Cultural tour, Watching folk art, Craft shopping",Kerala,India,Shopping,Sightseeing,October to March,Moderate,1
Nattakom Backwaters,Kottayam,Quiet and serene backwater stretch near the town,"Canoe rowing, Village life experience, Bird watching",Kerala,India,Wildlife,Eco,October to March,Budget,2
Panachikkad Saraswathy Temple,Kottayam,Known as the 'Dakshina Mookambika',"Vidyarambam rituals, Pilgrimage, Cultural study",Kerala,India,Temple/Religious,Spiritual,October to March,Moderate,1
AruvikkuZhi Viewpoint,Kottayam,Stunning view of the rubber plantations and valleys,"Landscape photography, Nature walks",Kerala,India,Mountain/Hill,"Eco, Photography",October to March,Budget,1
Malankara Dam,Kottayam,Scenic reservoir on the Muvattupuzha river,"Boating, Fishing, Family picnic",Kerala,India,Lake/Water,"Family, Photography",October to March,Moderate,1
Mannanam St. Joseph's Monastery,Kottayam,Founded by Saint Kuriakose Elias Chavara,"Pilgrimage, History tour, Viewing the printing press museum",Kerala,India,Temple/Religious,"Spiritual, Cultural",October to March,Moderate,1
Kaduthuruthy Valiapally,Kottayam,Historic Knanaya church with a massive stone cross,"Architecture photography, History study, Pilgrimage",Kerala,India,Temple/Religious,"Spiritual, Cultural, Photography",October to March,Moderate,1
Vaikom Lake Beach,Kottayam,Developed waterfront along the Vembanad Lake,"Evening strolls, Watching the lake activities, Sunset viewing",Kerala,India,Lake/Water,"Beach, Photography",October to March,Moderate,1
Kannadipara,Kottayam,Highest point in the Elaveezhapoonchira range,"Trekking, Photography, Nature appreciation",Kerala,India,Mountain/Hill,"Adventure, Eco, Photography",October to March,Budget,1
Mankallu Mudakal Hills,Kottayam,Rolling meadows and misty landscapes,"Trekking, Camping, Photography",Kerala,India,Mountain/Hill,"Adventure, Photography",October to March,Budget,1
Cheriyapally Church,Kottayam,Famous for its blend of Kerala and Persian styles,"Art appreciation, History tour, Religious visit",Kerala,India,Sightseeing,"Spiritual, Cultural",October to March,Moderate,1
Neendoor Subrahmanya Swamy Temple,Kottayam,Ancient temple dedicated to Lord Murugan,"Pilgrimage, Attending the annual festival",Kerala,India,Temple/Religious,Spiritual,October to March,Moderate,1
Sabarimala Sree Dharma Sastha Temple,Pathanamthitta,One of the largest pilgrimage centers in the world,"Pilgrimage, Mountain trekking, Witnessing Makara Jyothi",Kerala,India,Temple/Religious,"Adventure, Spiritual",October to March,Budget,1
Konni Elephant Training Centre,Pathanamthitta,Historic center for taming wild elephants,"Elephant interaction, Museum visit, Kraal viewing",Kerala,India,Wildlife,Cultural,October to March,Moderate,1
Adavi Eco-Tourism,Pathanamthitta,Scenic forest patch along the Kallar river,"Bowl boat (Coracle) rafting, Jungle trekking, Photography",Kerala,India,Wildlife,"Adventure, Eco, Photography",October to March,Budget,1
Aranmula Parthasarathy Temple,Pathanamthitta,Ancient temple famous for its Valla Sadhya and boat race,"Pilgrimage, Watching snake boat races, Architecture study",Kerala,India,Temple/Religious,"Spiritual, Cultural",October to March,Moderate,1
Aranmula Mirror Workshops,Pathanamthitta,Home of the GI-tagged Aranmula Kannadi (metal mirror),"Watching mirror making, Heritage shopping, Craft tour",Kerala,India,Heritage,Cultural,October to March,Moderate,1
Gavi,Pathanamthitta,Pristine eco-tourism spot inside Periyar Tiger Reserve,"Jungle safari, Canoeing, Bird watching, Wildlife spotting",Kerala,India,Wildlife,Eco,October to March,Budget,2
Pandalam Palace,Pathanamthitta,Birthplace of Lord Ayyappa with royal heritage,"History tour, Pilgrimage, Viewing royal ornaments (Thiruvabharanam)",Kerala,India,Temple/Religious,"Spiritual, Cultural",October to March,Moderate,1
Perunthenaruvi Waterfalls,Pathanamthitta,"Wide, honey-colored waterfall on the Pamba River","Photography, Nature walks, River-side relaxation",Kerala,India,Waterfall,"Eco, Photography",October to March,Budget,1
Kaviyoor Rock-cut Cave Temple,Pathanamthitta,8th-century Pallava style rock-cut temple,"Archaeological study, History tour, Photography",Kerala,India,Temple/Religious,"Spiritual, Cultural, Photography",October to March,Moderate,1
Kozhencherry (Pamba River Banks),Pathanamthitta,Venue of the Maramon Convention,"River walks, Attending religious conventions, Photography",Kerala,India,Lake/Water,"Spiritual, Photography",October to March,Moderate,1
Manjinikkara Dayara,Pathanamthitta,Pilgrimage center and monastery for Syrian Christians,"Pilgrimage, History tour, Spiritual retreat",Kerala,India,Temple/Religious,"Spiritual, Cultural",October to March,Moderate,1
Mooloor Smarakam,Pathanamthitta,Memorial of the famous poet Mooloor S. Padmanabha Panicker,"Literary history tour, Visiting the traditional home",Kerala,India,Sightseeing,Cultural,October to March,Moderate,1
Malayalappuzha Devi Temple,Pathanamthitta,Ancient temple known for its unique 'Bhadrakali' idol,"Pilgrimage, Watching traditional rituals",Kerala,India,Temple/Religious,Spiritual,October to March,Moderate,1
Kakki Reservoir,Pathanamthitta,Large dam surrounded by thick evergreen forests,"Scenic driving, Wildlife spotting, Photography",Kerala,India,Wildlife,"Eco, Photography",October to March,Budget,1
Kochu Pampa,Pathanamthitta,Base station for Gavi with a scenic dam,"Boating, Nature photography, Forest trekking",Kerala,India,Mountain/Hill,"Adventure, Eco, Photography",October to March,Budget,1
Charalkunnu Hill Station,Pathanamthitta,Small hill station offering views of the Pamba river,"Picnic, Trekking, Landscape photography",Kerala,India,Mountain/Hill,"Adventure, Family, Photography",October to March,Budget,3
Kadammanitta Devi Temple,Pathanamthitta,Center for the famous Padayani folk dance,"Watching Padayani performances, Cultural photography, Pilgrimage",Kerala,India,Temple/Religious,"Spiritual, Photography",October to March,Moderate,1
Parumala Church,Pathanamthitta,Final resting place of Saint Gregorios of Parumala,"Pilgrimage, Architecture photography, Religious visit",Kerala,India,Temple/Religious,"Spiritual, Cultural, Photography",October to March,Moderate,1
Paliakara Church (Thiruvalla),Pathanamthitta,Historic church with 17th-century murals,"Viewing ancient murals, History tour, Architecture study",Kerala,India,Temple/Religious,"Spiritual, Cultural",October to March,Moderate,1
Niranam Church,Pathanamthitta,One of the seven churches founded by St. Thomas in 52 AD,"History tour, Pilgrimage, Archaeological study",Kerala,India,Temple/Religious,"Spiritual, Cultural",October to March,Moderate,1
Thiruvalla Sree Vallabha Temple,Pathanamthitta,Only temple in Kerala where Kathakali is performed daily,"Watching Kathakali, Pilgrimage, Architecture photography",Kerala,India,Temple/Religious,"Spiritual, Cultural, Photography",October to March,Moderate,1
Cherukolpuzha,Pathanamthitta,Venue of the Ayirurpuzha Hindu religious convention,"Attending conventions, River-side evening walks",Kerala,India,Lake/Water,Spiritual,October to March,Moderate,1
Omallur (Cattle Fair Ground),Pathanamthitta,Site of the historic 400-year-old cattle fair,"Cultural study, Photography, Local market exploration",Kerala,India,Heritage,Photography,October to March,Moderate,1
Mannadi,Pathanamthitta,Memorial of Velu Thampi Dalawa and ancient temple site,"History tour, Visiting the museum, Pilgrimage",Kerala,India,Temple/Religious,"Spiritual, Cultural",October to March,Moderate,1
Moovattu Waterfalls,Pathanamthitta,Hidden seasonal waterfall near Konni,"Forest trekking, Photography, Nature walks",Kerala,India,Waterfall,"Adventure, Eco, Photography",October to March,Budget,1
Kadampanad St. Thomas Cathedral,Pathanamthitta,Ancient church linked to the early Christian history,"Pilgrimage, Architecture study, History tour",Kerala,India,Temple/Religious,"Spiritual, Cultural",October to March,Moderate,1
Anikkattilammakshethram,Pathanamthitta,Temple known for its scenic river-side location,"Pilgrimage, Photography, Nature walks",Kerala,India,Temple/Religious,"Eco, Spiritual, Photography",October to March,Budget,1
Pampa Ganapathi Temple,Pathanamthitta,Traditional stopover for Sabarimala pilgrims,"Pilgrimage, River bathing, Religious rituals",Kerala,India,Temple/Religious,Spiritual,October to March,Moderate,1
Vasthuvidya Gurukulam,Pathanamthitta,Center for conservation of traditional architecture,"Learning about Vastu Shastra, Mural painting workshops",Kerala,India,Sightseeing,Cultural,October to March,Moderate,1
Kodumon Chilanthiyambalam,Pathanamthitta,Unique temple dedicated to Goddess of Spiders,"Pilgrimage, Medical-astrological consultation, Photography",Kerala,India,Temple/Religious,"Spiritual, Photography",October to March,Moderate,1
Jatayu Earth Center,Kollam,World's largest bird sculpture and adventure park,"Cable car ride, Rock climbing, Trekking, Paintball",Kerala,India,Mountain/Hill,Adventure,October to March,Budget,1
Ashtamudi Lake,Kollam,Gateway to the backwaters and second largest lake in Kerala,"Houseboat cruising, Shikkara rides, Photography",Kerala,India,Lake/Water,"Eco, Photography, Leisure",October to March,Budget,2
Munroe Island,Kollam,Hidden cluster of islands with narrow canal networks,"Canoe rowing, Village life experience, Watching coir making",Kerala,India,Lake/Water,Sightseeing,October to March,Moderate,1
Thangassery Lighthouse,Kollam,Historical 144-foot tall lighthouse built by the British,"Climbing the tower, Panoramic sea views, Visiting fort ruins",Kerala,India,Heritage,"Adventure, Cultural",October to March,Budget,1
Kollam Beach,Kollam,Scenic beach with a park and aquarium,"Evening strolls, Beach volleyball, Visiting the marine aquarium",Kerala,India,Beach,"Beach, Photography",October to March,Moderate,2
Palayruvi Waterfalls,Kollam,Milky-white waterfall surrounded by dense forests,"Swimming in natural pools, Forest trekking, Picnic",Kerala,India,Waterfall,"Adventure, Eco, Family",October to March,Budget,1
Thenmala Eco-Tourism,Kollam,India's first planned eco-tourism destination,"Butterfly safari, Boating, Hanging bridge walk, Trekking",Kerala,India,Wildlife,"Adventure, Eco",October to March,Budget,1
Thirumullavaram Beach,Kollam,Quiet beach famous for the 'Vavu Bali' ritual,"Swimming, Sunbathing, Religious visit",Kerala,India,Beach,"Spiritual, Beach",October to March,Moderate,2
Amritapuri (Vallikavu),Kollam,Ashram of Mata Amritanandamayi (Amma),"Spiritual retreat, Ashram tour, Volunteering",Kerala,India,Lake/Water,Spiritual,October to March,Moderate,1
Punalur Suspension Bridge,Kollam,Historic 19th-century bridge built with British technology,"Photography, Architecture study, River-side walks",Kerala,India,Heritage,"Cultural, Photography",October to March,Moderate,1
Shenduruny Wildlife Sanctuary,Kollam,Biodiversity hotspot with a vast artificial lake,"Jungle trekking, Bird watching, Wildlife photography",Kerala,India,Wildlife,"Adventure, Eco, Photography",October to March,Budget,1
Kumbhavurutty Waterfalls,Kollam,Scenic waterfall located in the Konni forest range,"Natural shower, Trekking, Photography",Kerala,India,Waterfall,"Adventure, Eco, Photography",October to March,Budget,1
Mahatma Gandhi Park,Kollam,Coastal park near the beach for family recreation,"Jogging, Children's play area, Evening relaxation",Kerala,India,Beach,"Family, Beach",October to March,Moderate,2
Paravur Lake,Kollam,Place where the lake meets the sea,"Boating, Photography",Kerala,India,Lake/Water,Photography,October to March,Moderate,1
Rosemala,Kollam,Valley shaped like a rose petal inside the forest,"Off-road trekking, Watchtower viewing, Nature photography",Kerala,India,Mountain/Hill,"Adventure, Eco, Photography",October to March,Budget,1
Sasthamkotta Lake,Kollam,Largest freshwater lake in Kerala,"Boating, Visiting the Monkey temple, Photography",Kerala,India,Temple/Religious,"Spiritual, Photography",October to March,Moderate,1
Alumkadavu,Kollam,Birthplace of the first houseboats (Kettuvallams) in Kerala,"Watching houseboat construction, Backwater cruising",Kerala,India,Lake/Water,Leisure,October to March,Moderate,2
Neendakara Port,Kollam,Major fishing harbor and meeting point of lake and sea,"Watching fishing activities, Photography, Bridge walking",Kerala,India,Lake/Water,Photography,October to March,Moderate,1
Ochira Parabrahma Temple,Kollam,Temple with no sanctum sanctorum or idol,"Pilgrimage, Watching the 'Ochirakkali' martial art",Kerala,India,Temple/Religious,Spiritual,October to March,Moderate,1
Chavara (Mining Area),Kollam,Rich mineral sand deposits and backwaters,"Educational tour, Viewing industrial sites, Boat transit",Kerala,India,Lake/Water,Sightseeing,October to March,Moderate,2
Pichandikulam,Kollam,Eco-restoration site and nature park,"Nature walks, Learning about conservation",Kerala,India,Garden/Nature,Eco,October to March,Budget,1
Kottarakkara Sree Mahaganapathi Temple,Kollam,Famous temple known for its 'Unniyappam' prasad,"Pilgrimage, Tasting temple snacks, Architecture study",Kerala,India,Temple/Religious,"Spiritual, Cultural",October to March,Moderate,1
Rameswaram Temple,Kollam,Ancient temple with inscriptions in Tamil and Vattezhuthu,"History tour, Architecture photography, Pilgrimage",Kerala,India,Temple/Religious,"Spiritual, Cultural, Photography",October to March,Moderate,1
Pathanapuram,Kollam,Town on the banks of Kallada river,"River-side walks, Visiting local rubber plantations",Kerala,India,Lake/Water,Sightseeing,October to March,Moderate,1
Kulathupuzha Sastha Temple,Kollam,Ancient forest temple dedicated to Lord Ayyappa,"Pilgrimage, Forest photography, Nature walks",Kerala,India,Temple/Religious,"Eco, Spiritual, Photography",October to March,Budget,1
Aryankavu Sastha Temple,Kollam,One of the five major Ayyappa shrines in the hills,"Pilgrimage, Mountain viewing, Architecture photography",Kerala,India,Temple/Religious,"Spiritual, Cultural, Photography",October to March,Moderate,1
Mannathippara Waterfalls,Kollam,Lesser-known seasonal forest waterfall,"Nature trekking, Picnic, Photography",Kerala,India,Waterfall,"Adventure, Eco, Family",October to March,Budget,1
Karunagappally Backwaters,Kollam,Serene and less-crowded backwater stretch,"Quiet boating, Village exploration",Kerala,India,Lake/Water,Sightseeing,October to March,Moderate,2
Kollam Port,Kollam,Historic port that traded with Romans and Arabs,"Photography, Harbor viewing, History tour",Kerala,India,Heritage,"Cultural, Photography",October to March,Moderate,1
Sardar Vallabhbhai Patel Police Museum,Kollam,Only police museum in Kerala documenting history,"Viewing weapon displays, History tour, Educational visit",Kerala,India,Heritage,Cultural,October to March,Moderate,1
Jew Town Antique Market,Kochi,Historic narrow streets filled with colonial-era antiques,"Antique shopping, Street photography, Spice tasting",Kerala,India,Heritage,Photography,October to March,Moderate,1
Princess Street,Kochi,One of the oldest streets in Fort Kochi with European architecture,"Cafe hopping, Heritage walks, Photography",Kerala,India,Heritage,"Cultural, Photography",October to March,Moderate,1
Vypin Island,Kochi,One of the most densely populated islands with beautiful beaches,"Ferry riding, Beach exploration, Local seafood dining",Kerala,India,Beach,Beach,October to March,Moderate,2
Palliport Fort (Pallipuram Fort),Kochi,Oldest existing European fort in India (built 1503),"History tour, Archaeological study, Photography",Kerala,India,Heritage,"Cultural, Photography",October to March,Moderate,1
Azhikode Munakkam Beach,Kochi,Serene beach at the tip of the Vypeen peninsula,"Sunset viewing, Watching the dolphin spotting (seasonal)",Kerala,India,Beach,"Beach, Photography",October to March,Moderate,2
Nedumbassery (Cochin Airport Area),Kochi,World's first fully solar-powered airport,"Aviation photography, Visiting the solar farm",Kerala,India,Sightseeing,Photography,October to March,Moderate,1
Kadambrayar Tourism,Kochi,Eco-friendly boating destination near the IT hub,"Pedal boating, Country boat rides, Riverside walking",Kerala,India,Lake/Water,Eco,October to March,Budget,1
Aluva Sivarathri Manappuram,Kochi,Famous riverbank temple on the Periyar River,"Pilgrimage, Watching the Sivarathri festival, River bathing",Kerala,India,Temple/Religious,Spiritual,October to March,Moderate,1
Thrikkakara Vamana Moorthy Temple,Kochi,Only temple in India dedicated to the Vamana avatar of Vishnu,"Pilgrimage, Watching Onam festivals, Architecture study",Kerala,India,Temple/Religious,"Spiritual, Cultural",October to March,Moderate,1
Kadamakkudy Prawn Farms,Kochi,Picturesque paddy fields and aquaculture farms,"Prawn fishing, Sunset photography, Cycling",Kerala,India,Sightseeing,"Beach, Photography",October to March,Moderate,1
Wonderla Kochi,Kochi,Premier amusement park with land and water rides,"Thrill rides, Family entertainment, 3D cinema",Kerala,India,Garden/Nature,Family,October to March,Moderate,1
Kalady Sree Adi Shankara Keerthi Sthambam,Kochi,Birthplace of the great philosopher Adi Shankara,"Pilgrimage, Visiting the 8-story memorial, Spiritual study",Kerala,India,Temple/Religious,Spiritual,October to March,Moderate,1
Iringole Kavu,Kochi,A sacred grove near Perumbavoor with ancient trees,"Nature walks, Photography, Visiting the forest temple",Kerala,India,Temple/Religious,"Eco, Spiritual, Photography",October to March,Budget,1
Ezhattumugham Prakrithi Gramam,Kochi,Nature village located near the check dam,"Hanging bridge walk, River photography, Picnic",Kerala,India,Lake/Water,"Eco, Family, Photography",October to March,Budget,1
Chendamangalam Synagogue,Kochi,Historic synagogue showcasing the Jewish heritage of Malabar,"History tour, Architecture photography",Kerala,India,Temple/Religious,"Cultural, Photography",October to March,Moderate,1
Cherai Backwaters,Kochi,Calm water stretches parallel to the beach,"Canoe rowing, Houseboat cruising, Fishing",Kerala,India,Beach,"Beach, Leisure",October to March,Moderate,2
Vypeen Lighthouse,Kochi,Tallest lighthouse in the region,Climbing for a 360-degree view of the Arabian Sea,Kerala,India,Sightseeing,Adventure,October to March,Budget,1
Durbar Hall Ground,Kochi,Major cultural venue and art gallery in the city,"Art exhibition viewing, Attending festivals, Evening strolls",Kerala,India,Sightseeing,Sightseeing,October to March,Moderate,1
Subhash Bose Park,Kochi,Lush green public park overlooking the Kochi harbor,"Relaxing by the lake, Musical fountain viewing",Kerala,India,Lake/Water,Sightseeing,October to March,Moderate,1
Bolgatty Event Centre,Kochi,Island venue for grand international events,"Photography, Viewing the harbor, Luxury dining",Kerala,India,Island,"Photography, Leisure",October to March,Moderate,1
Willingdon Island Port,Kochi,Strategic man-made island and industrial hub,"Harbor views, Photography, Maritime history tour",Kerala,India,Island,"Cultural, Photography",October to March,Moderate,1
Goshree Bridges,Kochi,Three bridges connecting the islands to the mainland,"Scenic driving, Sunset photography, Evening walks",Kerala,India,Island,"Beach, Photography",October to March,Moderate,1
Chottanikkara Bhagavathy Temple,Kochi,Ancient temple known for mental healing rituals,"Pilgrimage, Watching traditional 'Guruthi' rituals",Kerala,India,Temple/Religious,Spiritual,October to March,Moderate,1
Pizhala Island,Kochi,Secluded island known for its traditional lifestyle,"Canoeing, Exploring island culture, Photography",Kerala,India,Island,Photography,October to March,Moderate,1
Cubbon Park,bengaluru,Lush green lung of the city,"Morning walks, Relaxation, Photography",Karnataka,India,Sightseeing,Photography,October to March,Moderate,1
Bengaluru Palace,bengaluru,Tudor-style architecture and royal history,"History tour, Photography, Event attending",Karnataka,India,Sightseeing,"Cultural, Photography",October to March,Moderate,1
Lal Bagh Botanical Garden,bengaluru,Botanical garden with a glass house,"Flower shows, Nature walks, Photography",Karnataka,India,Garden/Nature,"Eco, Photography",October to March,Budget,1
Tipu Sultan's Summer Palace,bengaluru,Indo-Islamic architecture,"History tour, Museum visit, Photography",Karnataka,India,Heritage,"Cultural, Photography",October to March,Moderate,1
Vidhana Soudha,bengaluru,Neo-Dravidian style legislative building,"Architecture appreciation, Photography (exterior only)",Karnataka,India,Sightseeing,"Cultural, Photography",October to March,Moderate,1
ISKCON Temple Bangalore,bengaluru,Hare Krishna temple with modern architecture,"Spiritual visit, Prasadam tasting, Cultural events",Karnataka,India,Temple/Religious,"Spiritual, Cultural",October to March,Moderate,1
Bull Temple,bengaluru,Dravidian style temple with a huge Nandi idol,"Religious visit, Architecture appreciation",Karnataka,India,Temple/Religious,"Spiritual, Cultural",October to March,Moderate,1
Bannerghatta Biological Park,bengaluru,"Zoo, safari, and butterfly park","Wildlife safari, Butterfly conservatory visit, Boating",Karnataka,India,Wildlife,Eco,October to March,Budget,2
UB City,bengaluru,Luxury mall and business district,"Shopping, Fine dining, Nightlife",Karnataka,India,Shopping,Leisure,October to March,Moderate,1
HAL Aerospace Museum,bengaluru,India's first aerospace museum,"History of aviation, Aircraft viewing, Simulator rides",Karnataka,India,Heritage,"Cultural, Leisure",October to March,Moderate,1
National Gallery of Modern Art,bengaluru,Art gallery with contemporary Indian art,"Art appreciation, Exhibitions",Karnataka,India,Sightseeing,Sightseeing,October to March,Moderate,1
Visvesvaraya Industrial & Technological Museum,bengaluru,Science museum,"Interactive exhibits, Educational tours",Karnataka,India,Heritage,Cultural,October to March,Moderate,1
Innovator's Nest (Formerly Innovative Film City),bengaluru,Theme park and film studio,"Film studio tour, Theme park rides, Cartoon city",Karnataka,India,Garden/Nature,Family,October to March,Moderate,1
Devanahalli Fort,bengaluru,Birthplace of Tipu Sultan,"History tour, Photography, Heritage walk",Karnataka,India,Heritage,"Cultural, Photography",October to March,Moderate,1
Nandi Hills,bengaluru,Ancient hill fortress and scenic viewpoint,"Sunrise viewing, Cycling, Paragliding",Karnataka,India,Heritage,"Adventure, Beach, Photography",October to March,Budget,1
Shivagange,bengaluru,Sacred mountain shaped like a Shiva lingam,"Pilgrimage, Trekking, Rock climbing",Karnataka,India,Temple/Religious,"Adventure, Spiritual",October to March,Budget,1
Nrityagram,bengaluru,Gurukul for Indian classical dance forms,"Dance performances, Cultural workshops",Karnataka,India,Sightseeing,Sightseeing,October to March,Moderate,1
Dodda Aalada Mara (Big Banyan Tree),bengaluru,Huge 400-year-old banyan tree,"Picnic, Relaxation, Photography",Karnataka,India,Sightseeing,"Family, Photography",October to March,Moderate,1
Ramadevara Betta (Sholay Hill),bengaluru,Famous for being the filming location of Sholay,"Trekking, Rock climbing, Photography",Karnataka,India,Mountain/Hill,"Adventure, Photography",October to March,Budget,1
Mysore Palace,mysuru,"Indo-Saracenic architecture, former seat of Wadiyars","History tour, Photography, Sound and light show",Karnataka,India,Sightseeing,"Cultural, Photography",October to March,Moderate,1
Brindavan Gardens,mysuru,Terraced gardens with musical fountains,"Musical fountain show, Boating, Evening strolls",Karnataka,India,Garden/Nature,Sightseeing,October to March,Moderate,1
Chamundi Hills,mysuru,Hilltop temple with panoramic city views,"Religious visit, Viewpoint photography, Trekking",Karnataka,India,Temple/Religious,"Adventure, Spiritual, Photography",October to March,Budget,1
Mysore Zoo (Sri Chamarajendra Zoological Gardens),mysuru,One of the oldest and best zoos in India,"Wildlife viewing, Animal conservation education",Karnataka,India,Wildlife,Eco,October to March,Budget,1
St. Philomena's Church,mysuru,"Gothic-style cathedral, one of the tallest in Asia","Architecture appreciation, Spiritual visit, Photography",Karnataka,India,Sightseeing,"Spiritual, Cultural, Photography",October to March,Moderate,1
Srirangapatna,mysuru,"Historic island town, Tipu Sultan's capital","History tour, Temple visit, Battleground exploration",Karnataka,India,Temple/Religious,"Spiritual, Cultural",October to March,Moderate,1
Karanji Lake,mysuru,Lake with a walk-through aviary and butterfly park,"Bird watching, Boating, Butterfly spotting",Karnataka,India,Wildlife,Eco,October to March,Budget,1
Railway Museum Mysore,mysuru,Museum showcasing historic locomotives,"History of railways, Train viewing, Photography",Karnataka,India,Heritage,"Cultural, Photography",October to March,Moderate,1
Jaganmohan Palace Art Gallery,mysuru,Art gallery and auditorium,"Art appreciation, Traditional painting viewing",Karnataka,India,Sightseeing,Sightseeing,October to March,Moderate,1
Regional Museum of Natural History,mysuru,"Focus on flora, fauna, and geology of South India","Educational tour, Nature study",Karnataka,India,Sightseeing,Eco,October to March,Budget,1
Datta Peetham,mysuru,Ashram of Avadhoota Datta Peetham,"Spiritual visit, Yoga, Meditation",Karnataka,India,Sightseeing,Spiritual,October to March,Moderate,1
Lalitha Mahal Palace,mysuru,"Former royal palace, now a heritage hotel","Architecture appreciation, Photography, High tea",Karnataka,India,Heritage,"Cultural, Photography",October to March,Moderate,1
GRS Fantasy Park,mysuru,Amusement and water park,"Rides, Water slides, Family entertainment",Karnataka,India,Garden/Nature,Family,October to March,Moderate,1
Melukote,mysuru,Ancient temple town with historical significance,"Religious visit, Architecture study, Hill climbing",Karnataka,India,Temple/Religious,"Adventure, Spiritual, Cultural",October to March,Budget,1
Ranganathittu Bird Sanctuary,mysuru,"Islands on the Kaveri River, major bird breeding site","Bird watching, Boating, Photography",Karnataka,India,Wildlife,"Eco, Photography",October to March,Budget,1
Talakad,mysuru,Historical site with submerged temples,"Archaeological study, Temple visit, Photography",Karnataka,India,Temple/Religious,"Spiritual, Cultural, Photography",October to March,Moderate,1
Bandipur National Park,mysuru,Tiger reserve and wildlife sanctuary,"Wildlife safari, Bird watching, Photography",Karnataka,India,Wildlife,"Eco, Photography",October to March,Budget,2
Shivanasamudra Falls,mysuru,Segmented waterfalls on the Kaveri River,"Photography, Nature appreciation, Picnic",Karnataka,India,Waterfall,"Eco, Family, Photography",October to March,Budget,1
Somnathpur Temple (Chennakesava Temple),mysuru,Hoysala architecture masterpiece,"Architecture study, Sculpture viewing, History tour",Karnataka,India,Sightseeing,Cultural,October to March,Moderate,1
Balamuri Falls,mysuru,Small waterfall and picnic spot,"Picnic, Swimming, Relaxation",Karnataka,India,Waterfall,Family,October to March,Moderate,1
Virupaksha Temple,hampi,"Ancient active Shiva temple, central to Hampi","Pilgrimage, Architecture study, Photography",Karnataka,India,Temple/Religious,"Spiritual, Cultural, Photography",October to March,Moderate,1
Vitthala Temple,hampi,Famous for musical pillars and stone chariot,"Architecture appreciation, History tour, Photography",Karnataka,India,Sightseeing,"Cultural, Photography",October to March,Moderate,1
Stone Chariot,hampi,Iconic stone structure at Vitthala Temple,"Photography, Architecture study",Karnataka,India,Temple/Religious,"Spiritual, Cultural, Photography",October to March,Moderate,1
Lotus Mahal,hampi,Indo-Islamic architecture for royal ladies,"Photography, Architecture appreciation",Karnataka,India,Sightseeing,"Cultural, Photography",October to March,Moderate,1
Elephant Stables,hampi,Domed chambers for royal elephants,"History tour, Photography",Karnataka,India,Wildlife,"Cultural, Photography",October to March,Moderate,1
Hemakuta Hill Temples,hampi,Cluster of temples offering sunset views,"Sunset viewing, Photography, Temple visit",Karnataka,India,Temple/Religious,"Spiritual, Beach, Photography",October to March,Moderate,1
Queen's Bath,hampi,Royal bathing complex with Indo-Islamic design,"Architecture appreciation, History tour",Karnataka,India,Sightseeing,Cultural,October to March,Moderate,1
Hampi Bazaar,hampi,Ancient market street near Virupaksha Temple,"Shopping for souvenirs, Local food tasting, Street photography",Karnataka,India,Temple/Religious,"Spiritual, Photography",October to March,Moderate,1
Hazara Rama Temple,hampi,Private royal temple with intricate carvings,"Architecture study, Mythology exploration",Karnataka,India,Temple/Religious,"Spiritual, Cultural",October to March,Moderate,1
Stepped Tank (Pushkarani),hampi,Sacred ceremonial tank,"Photography, Architecture appreciation",Karnataka,India,Sightseeing,"Cultural, Photography",October to March,Moderate,1
Monolithic Nandi,hampi,Large Nandi statue near Hampi Bazaar,"Photography, Religious visit",Karnataka,India,Shopping,"Spiritual, Photography",October to March,Moderate,1
King's Balance,hampi,Ancient balance for royal donations,"History study, Photography",Karnataka,India,Sightseeing,"Cultural, Photography",October to March,Moderate,1
Badavilinga Temple,hampi,Large monolithic Shiva lingam,"Pilgrimage, Photography",Karnataka,India,Temple/Religious,"Spiritual, Photography",October to March,Moderate,1
Kadale Kalu Ganesha Temple,hampi,Huge Ganesha statue carved from a single boulder,"Religious visit, Photography",Karnataka,India,Sightseeing,"Spiritual, Photography",October to March,Moderate,1
Sasivekalu Ganesha Temple,hampi,Ganesha statue with a cobra canopy,"Religious visit, Photography",Karnataka,India,Sightseeing,"Spiritual, Photography",October to March,Moderate,1
Achyutaraya Temple,hampi,Vivid ruins with a grand entrance,"Architecture study, Trekking, Photography",Karnataka,India,Heritage,"Adventure, Cultural, Photography",October to March,Budget,1
Tungabhadra River,hampi,Scenic river for coracle rides,"Coracle ride, Photography, Relaxation",Karnataka,India,Lake/Water,Photography,October to March,Moderate,1
Anjanadri Hill,hampi,"Birthplace of Lord Hanuman, great sunset views","Trekking, Sunset viewing, Religious visit",Karnataka,India,Mountain/Hill,"Adventure, Spiritual, Beach",October to March,Budget,1
Matanga Hill,hampi,Highest point in Hampi for sunrise/sunset,"Sunrise/sunset viewing, Trekking, Photography",Karnataka,India,Mountain/Hill,"Adventure, Beach, Photography",October to March,Budget,1
Coracle Ride,hampi,Traditional boat ride on Tungabhadra River,"River exploration, Photography, Unique experience",Karnataka,India,Lake/Water,Photography,October to March,Moderate,1
Abbey Falls,coorg,Scenic waterfall surrounded by coffee plantations,"Photography, Nature walks, Picnic",Karnataka,India,Waterfall,"Eco, Family, Photography",October to March,Budget,1
Talakaveri,coorg,Source of River Kaveri,"Pilgrimage, Scenic views, Nature appreciation",Karnataka,India,Temple/Religious,"Eco, Spiritual, Photography",October to March,Budget,1
Raja's Seat,coorg,Seasonal garden with panoramic views of valleys,"Sunset viewing, Toy train ride, Photography",Karnataka,India,Mountain/Hill,"Beach, Photography",October to March,Moderate,1
Dubare Elephant Camp,coorg,Elephant training camp on the banks of River Kaveri,"Elephant bathing, Elephant feeding, Rafting",Karnataka,India,Wildlife,Adventure,October to March,Budget,1
Nisargadhama,coorg,Island with bamboo groves and a hanging bridge,"Nature walks, Boating, Deer park visit",Karnataka,India,Garden/Nature,Eco,October to March,Budget,1
Bylakuppe Tibetan Settlement (Golden Temple),coorg,Largest Tibetan settlement in South India,"Spiritual visit, Architecture appreciation, Cultural immersion",Karnataka,India,Sightseeing,"Spiritual, Cultural",October to March,Moderate,1
Bhagamandala,coorg,Confluence of three rivers,"Pilgrimage, River bathing",Karnataka,India,Temple/Religious,Spiritual,October to March,Moderate,1
Mandala Viewpoint,coorg,Hilltop offering panoramic views of valleys and hills,"Sunset viewing, Photography, Nature appreciation",Karnataka,India,Mountain/Hill,"Eco, Beach, Photography",October to March,Budget,1
Namdroling Monastery (Golden Temple),coorg,Tibetan Buddhist monastery with golden statues,"Spiritual visit, Meditation, Photography",Karnataka,India,Sightseeing,"Spiritual, Photography",October to March,Moderate,1
Tadiandamol Peak,coorg,Highest peak in Coorg,"Trekking, Camping, Nature photography",Karnataka,India,Mountain/Hill,"Adventure, Eco, Photography",October to March,Budget,3
Iruppu Falls,coorg,Cascading waterfall with a Shiva temple nearby,"Photography, Nature walks, Religious visit",Karnataka,India,Waterfall,"Eco, Spiritual, Photography",October to March,Budget,1
Omkareshwara Temple,coorg,Unique temple with Islamic and Gothic architecture,"Pilgrimage, Architecture study",Karnataka,India,Temple/Religious,"Spiritual, Cultural",October to March,Moderate,1
Coffee Plantations,coorg,Vast estates growing coffee,"Coffee tour, Photography, Nature walks",Karnataka,India,Sightseeing,"Eco, Photography",October to March,Budget,1
Honey Valley Estate,coorg,Organic farm and nature retreat,"Nature stay, Honey tasting, Trekking",Karnataka,India,Mountain/Hill,"Adventure, Eco",October to March,Budget,1
Mallalli Falls,coorg,Stunning multi-tiered waterfall in Pushpagiri Hills,"Trekking, Photography, Nature appreciation",Karnataka,India,Waterfall,"Adventure, Eco, Photography",October to March,Budget,1
Chelavara Falls,coorg,Beautiful waterfall near Cheyyandane,"Photography, Picnic, Nature walks",Karnataka,India,Waterfall,"Eco, Family, Photography",October to March,Budget,1
Harangi Dam,coorg,Reservoir built across the Harangi River,"Picnic, Photography, Boating (seasonal)",Karnataka,India,Lake/Water,"Family, Photography",October to March,Moderate,1
Brahmagiri Wildlife Sanctuary,coorg,Home to various wildlife and Iruppu Falls,"Trekking, Bird watching, Wildlife spotting",Karnataka,India,Waterfall,"Adventure, Eco",October to March,Budget,2
Gaddige Raja's Tomb,coorg,Royal tombs with Indo-Saracenic architecture,"History tour, Photography, Architecture appreciation",Karnataka,India,Sightseeing,"Cultural, Photography",October to March,Moderate,1
Pushpagiri Wildlife Sanctuary,coorg,Known for trekking and diverse birdlife,"Trekking, Bird watching, Nature photography",Karnataka,India,Wildlife,"Adventure, Eco, Photography",October to March,Budget,3
Panambur Beach,mangaluru,One of the cleanest and safest beaches,"Swimming, Boating, Water sports",Karnataka,India,Beach,Beach,October to March,Moderate,2
Kadri Manjunath Temple,mangaluru,Ancient temple with bronze statues,"Pilgrimage, Architecture study, History tour",Karnataka,India,Temple/Religious,"Spiritual, Cultural",October to March,Moderate,1
Mangaladevi Temple,mangaluru,Temple dedicated to Goddess Mangaladevi,"Pilgrimage, Cultural events, Architecture study",Karnataka,India,Temple/Religious,"Spiritual, Cultural",October to March,Moderate,1
St. Aloysius Chapel,mangaluru,Chapel with stunning frescoes by Italian artist Antonio Moscheni,"Art appreciation, Photography, Spiritual visit",Karnataka,India,Sightseeing,"Spiritual, Photography",October to March,Moderate,1
Tannirbhavi Beach,mangaluru,Secluded beach with a lighthouse and tree park,"Sunset viewing, Swimming, Relaxation",Karnataka,India,Beach,"Beach, Photography",October to March,Moderate,2
Gokarnanatheshwara Temple,mangaluru,"Dedicated to Lord Shiva, built in Dravidian style","Pilgrimage, Architecture appreciation, Cultural events",Karnataka,India,Temple/Religious,"Spiritual, Cultural",October to March,Moderate,1
Sultan Battery,mangaluru,Watchtower built by Tipu Sultan,"History tour, Photography, River views",Karnataka,India,Lake/Water,"Cultural, Photography",October to March,Moderate,1
Pilikula Nisargadhama,mangaluru,"Integrated theme park with zoo, botanical garden, and lake","Boating, Zoo visit, Botanical garden walk",Karnataka,India,Lake/Water,Family,October to March,Moderate,1
Ullal Beach,mangaluru,Scenic beach with fishing villages,"Swimming, Sunset viewing, Local seafood",Karnataka,India,Beach,"Beach, Photography",October to March,Moderate,2
Milagres Church,mangaluru,"Historic church, one of the oldest in the region","Pilgrimage, Architecture study, History tour",Karnataka,India,Temple/Religious,"Spiritual, Cultural",October to March,Moderate,1
Kaup Beach,mangaluru,Beach with a lighthouse and historical ruins,"Lighthouse climbing, Sunset viewing, Photography",Karnataka,India,Beach,"Adventure, Cultural, Beach",October to March,Budget,2
Kudroli Temple,mangaluru,Rebuilt grand temple dedicated to Shiva,"Pilgrimage, Festival participation, Architecture appreciation",Karnataka,India,Temple/Religious,"Spiritual, Cultural",October to March,Moderate,1
Netravathi River Bridge,mangaluru,Scenic bridge offering views of the river and city,"Photography, Evening strolls",Karnataka,India,Lake/Water,Photography,October to March,Moderate,1
Bejai Museum (Seemanthi Bai Government Museum),mangaluru,Archaeological and historical artifacts,"History tour, Cultural study",Karnataka,India,Heritage,Cultural,October to March,Moderate,1
New Mangalore Port,mangaluru,One of India's major ports,"Port views, Photography",Karnataka,India,Sightseeing,Photography,October to March,Moderate,1
Kateel Durga Parameshwari Temple,mangaluru,Temple on an island in the Nandini River,"Pilgrimage, River views, Religious rituals",Karnataka,India,Temple/Religious,Spiritual,October to March,Moderate,1
Moodabidri (Jain Kashi),mangaluru,Historic Jain center with 1000 Pillar Basadi,"Architecture study, Spiritual visit, History tour",Karnataka,India,Heritage,"Spiritual, Cultural",October to March,Moderate,1
Karinjeshwara Temple,mangaluru,Hilltop temple with panoramic views,"Pilgrimage, Trekking, Viewpoint photography",Karnataka,India,Temple/Religious,"Adventure, Spiritual, Photography",October to March,Budget,1
Shri Krishna Math (Udupi),mangaluru,Famous for Lord Krishna temple and unique worship,"Pilgrimage, Cultural experience, Temple food (prasada)",Karnataka,India,Temple/Religious,Spiritual,October to March,Moderate,1
Malpe Beach (Udupi),mangaluru,Famous for St. Mary's Island and water sports,"Water sports, Island visit, Sunset viewing",Karnataka,India,Island,"Beach, Photography",October to March,Moderate,1
Bhoga Nandeeshwara Temple,Chikkaballapur,9th-century temple with intricate carvings,"Architecture photography, History tour, Pilgrimage",Karnataka,India,Temple/Religious,"Spiritual, Cultural, Photography",October to March,Moderate,1
Skandagiri (Kalavara Durga),Chikkaballapur,Famous night trekking destination with mountain views,"Night trekking, Camping, Sunrise viewing",Karnataka,India,Mountain/Hill,"Adventure, Beach, Photography",October to March,Budget,3
Skandagiri Temple,Chikkaballapur,Ancient temple at the base of the hill,"Religious visit, Architecture study",Karnataka,India,Temple/Religious,"Spiritual, Cultural",October to March,Moderate,1
Yoga Nandeeshwara Temple,Chikkaballapur,Temple located at the top of Nandi Hills,"Pilgrimage, Architecture study, Viewing the hill range",Karnataka,India,Temple/Religious,"Spiritual, Cultural",October to March,Moderate,1
Vivekananda Falls,Chikkaballapur,Seasonal waterfall located near the hills,"Nature trekking, Photography, Relaxation",Karnataka,India,Waterfall,"Adventure, Eco, Photography",October to March,Budget,1
Muddenahalli,Chikkaballapur,Birthplace of Sir M. Visvesvaraya,"Visiting the museum, History tour, Educational visit",Karnataka,India,Heritage,Cultural,October to March,Moderate,1
Kaveripura (Sir M.V. Museum),Chikkaballapur,Museum dedicated to India's greatest engineer,"Exploring artifacts, History study, Photography",Karnataka,India,Heritage,"Cultural, Photography",October to March,Moderate,1
Ranganatha Swamy Temple,Chikkaballapur,Ancient temple dedicated to Lord Ranganatha,"Pilgrimage, Watching traditional rituals",Karnataka,India,Temple/Religious,Spiritual,October to March,Moderate,1
Kaiwara,Chikkaballapur,Historic town associated with the poet Kaiwara Tatayya,"Religious visit, Visiting the ashram, Cave exploration",Karnataka,India,Heritage,Spiritual,October to March,Moderate,1
Kailasagiri,Chikkaballapur,Hillock with cave temples and panoramic views,"Trekking, Cave exploration, Photography",Karnataka,India,Temple/Religious,"Adventure, Spiritual, Photography",October to March,Budget,1
Chintamani,Chikkaballapur,Major trade center known for silk and incense,"Local shopping, Market exploration, Food tasting",Karnataka,India,Shopping,Sightseeing,October to March,Moderate,1
Srinivasa Sagara,Chikkaballapur,Scenic reservoir and dam site,"Picnic, Bird watching, Photography",Karnataka,India,Wildlife,"Eco, Family, Photography",October to March,Budget,1
Gummanayaka Kote,Chikkaballapur,14th-century hill fort ruins,"Adventure trekking, History exploration, Photography",Karnataka,India,Heritage,"Adventure, Cultural, Photography",October to March,Budget,1
Avalabetta,Chikkaballapur,Quiet hill station known as the 'Nandi Hills without the crowd',"Trekking, Landscape photography, Cliff viewing",Karnataka,India,Beach,"Adventure, Photography",October to March,Budget,3
Vidurashwatha,Chikkaballapur,Known as the 'Jallianwala Bagh of the South',"History tour, Visiting the martyr's memorial, Pilgrimage",Karnataka,India,Temple/Religious,"Spiritual, Cultural",October to March,Moderate,1
Jaramadagu Falls,Chikkaballapur,Hidden multi-step waterfall in the forest,"Forest trekking, Photography, Nature walks",Karnataka,India,Waterfall,"Adventure, Eco, Photography",October to March,Budget,1
Ghatikallu,Chikkaballapur,Massive rock formation and trekking spot,"Rock climbing, Trekking, Photography",Karnataka,India,Mountain/Hill,"Adventure, Photography",October to March,Budget,3
Minakanagurki,Chikkaballapur,Center for rural empowerment and education,"Social study, Educational tour, Photography",Karnataka,India,Sightseeing,Photography,October to March,Moderate,1
Sathi Falls,Chikkaballapur,Seasonal waterfall ideal for a quick getaway,"Nature photography, Picnic, Short trekking",Karnataka,India,Waterfall,"Adventure, Eco, Family",October to March,Budget,1
Venkataramana Swamy Temple (Alamgiri),Chikkaballapur,Historic temple with Hoysala influence,"Architecture photography, Pilgrimage, History tour",Karnataka,India,Temple/Religious,"Spiritual, Cultural, Photography",October to March,Moderate,1
Bhimeshwara Temple,Chikkaballapur,Cave temple dedicated to Lord Shiva,"Spiritual retreat, Cave exploration, Photography",Karnataka,India,Temple/Religious,"Spiritual, Photography",October to March,Moderate,1
Bagepalli (Silk Hub),Chikkaballapur,Center for sericulture and silk production,"Watching silk weaving, Factory visit, Shopping",Karnataka,India,Shopping,Sightseeing,October to March,Moderate,1
Gudibande Fort,Chikkaballapur,7-layered fort modeled after the Madhugiri Fort,"Fort trekking, History study, Viewing the surrounding lakes",Karnataka,India,Heritage,"Adventure, Cultural",October to March,Budget,1
Amani Byrasagara Lake,Chikkaballapur,Large lake near Gudibande town,"Bird watching, Evening walks, Photography",Karnataka,India,Wildlife,"Eco, Photography",October to March,Budget,1
Grover Zampa Vineyards,Chikkaballapur,One of India's oldest winery estates,"Wine tasting tours, Learning about viticulture, Photography",Karnataka,India,Sightseeing,Photography,October to March,Moderate,1
Mandikal Hills,Chikkaballapur,Trekking spot with lush greenery after rain,"Trekking, Nature walks, Photography",Karnataka,India,Mountain/Hill,"Adventure, Eco, Photography",October to March,Budget,3
Kandavara Lake,Chikkaballapur,Serene lake popular for morning walks,"Jogging, Bird watching, Photography",Karnataka,India,Wildlife,"Eco, Photography",October to March,Budget,1
Rangadhama Hill,Chikkaballapur,Hilltop temple with a challenging climb,"Steep trekking, Religious visit, Viewpoint viewing",Karnataka,India,Temple/Religious,"Adventure, Spiritual, Photography",October to March,Budget,1
Ghati Subramanya Temple,Chikkaballapur,Famous temple where the deity is self-manifested,"Pilgrimage, Watching snake worship rituals, Architecture study",Karnataka,India,Temple/Religious,"Spiritual, Cultural",October to March,Moderate,1
Krishna Raja Sagara (KRS) Dam,Mandya,Engineering marvel and primary water source for the region,"Viewing the dam, Photography, Learning about irrigation history",Karnataka,India,Lake/Water,"Cultural, Photography",October to March,Moderate,1
Srirangapatna Island,Mandya,Historic town and the capital of Hyder Ali and Tipu Sultan,"Heritage tour, History study, Photography",Karnataka,India,Heritage,"Cultural, Photography",October to March,Moderate,1
Ranganathaswamy Temple,Mandya,Ancient temple and one of the Pancharanga Kshetrams,"Pilgrimage, Architecture photography, Religious visit",Karnataka,India,Temple/Religious,"Spiritual, Cultural, Photography",October to March,Moderate,1
Daria Daulat Bagh,Mandya,The Summer Palace of Tipu Sultan built in teakwood,"Viewing murals and artifacts, Museum tour, Photography",Karnataka,India,Heritage,"Cultural, Photography",October to March,Moderate,1
Gumbaz,Mandya,Mausoleum of Tipu Sultan and his parents,"History tour, Architecture study, Photography",Karnataka,India,Sightseeing,"Cultural, Photography",October to March,Moderate,1
Melukote Cheluvanarayana Swamy Temple,Mandya,Historic temple known for its Vairamudi festival,"Pilgrimage, Architecture study, Viewing temple jewelry",Karnataka,India,Temple/Religious,"Spiritual, Cultural",October to March,Moderate,1
Yoga Narasimha Swamy Temple,Mandya,Hilltop temple in Melukote with panoramic views,"Uphill trekking, Pilgrimage, Photography",Karnataka,India,Temple/Religious,"Adventure, Spiritual, Photography",October to March,Budget,1
Kokkare Bellur,Mandya,Village famous for its coexistence with Painted Storks and Pelicans,"Bird watching, Village life experience, Photography",Karnataka,India,Wildlife,"Eco, Photography",October to March,Budget,1
Sangama,Mandya,"Confluence of the rivers Kaveri, Hemavati, and Lakshmana Tirtha","River bathing, Coracle riding, Picnic",Karnataka,India,Lake/Water,Family,October to March,Moderate,1
Balamuri & Yedamuri Falls,Mandya,Small check dams on the Kaveri river,"Swimming in shallow waters, Photography, Picnic",Karnataka,India,Lake/Water,"Family, Photography",October to March,Moderate,1
Kere Thonnur,Mandya,Historical lake with religious and scenic significance,"Boating, Swimming, History tour",Karnataka,India,Heritage,"Spiritual, Cultural, Photography",October to March,Moderate,1
Adichunchanagiri Hills,Mandya,Spiritual center and hill station,"Visiting the matha, Trekking, Peacock spotting",Karnataka,India,Mountain/Hill,"Adventure, Spiritual",October to March,Budget,3
Panchakuta Basadi,Mandya,10th-century Jain temple complex in Kambadahalli,"History study, Architecture photography",Karnataka,India,Temple/Religious,"Spiritual, Cultural, Photography",October to March,Moderate,1
Karighatta Hill,Mandya,Hilltop offering a view of the Mysore and Srirangapatna,"Trekking, Nature walks, Pilgrimage",Karnataka,India,Temple/Religious,"Adventure, Eco, Spiritual",October to March,Budget,1
Maddur Vada Hub,Mandya,Famous for its indigenous snack 'Maddur Vada',"Food tasting, Shopping, Local market visit",Karnataka,India,Shopping,Sightseeing,October to March,Moderate,1
Basaralu Temple,Mandya,Intricately carved Hoysala temple dedicated to Mallikarjuna,"Architecture photography, Art appreciation",Karnataka,India,Temple/Religious,"Spiritual, Cultural, Photography",October to March,Moderate,1
Hosaholalu Lakshminarayana Temple,Mandya,One of the most beautiful Hoysala temples in the district,"History tour, Architecture study, Photography",Karnataka,India,Temple/Religious,"Spiritual, Cultural, Photography",October to March,Moderate,1
Venugopala Swamy Temple,Mandya,Submerged temple relocated to the banks of KRS Backwaters,"Photography, Religious visit, Sunset viewing",Karnataka,India,Temple/Religious,"Spiritual, Beach, Photography",October to March,Moderate,1
Pandavapura,Mandya,Town associated with the exile of the Pandavas,"History exploration, Visiting the nearby hills",Karnataka,India,Sightseeing,Cultural,October to March,Moderate,1
Kuntibetta,Mandya,Two rocky hills ideal for night trekking,"Night trekking, Rock climbing, Camping",Karnataka,India,Mountain/Hill,Adventure,October to March,Budget,3
Hemagiri Falls,Mandya,Waterfall formed on the Hemavati river,"Coracle riding, Picnic, Photography",Karnataka,India,Waterfall,"Family, Photography",October to March,Moderate,1
Shimsha Hydroelectric Project,Mandya,One of the oldest hydroelectric power plants in Asia,"Educational tour, Viewing the Shimsha falls",Karnataka,India,Waterfall,Sightseeing,October to March,Moderate,1
Paschima Vahini,Mandya,Holy spot on the banks of Kaveri for ancestral rites,"Spiritual visit, River-side relaxation",Karnataka,India,Lake/Water,Spiritual,October to March,Moderate,1
Captain Scott’s Bungalow,Mandya,Old bungalow associated with Tipu Sultan’s reign,"History tour, Architecture photography",Karnataka,India,Sightseeing,"Cultural, Photography",October to March,Moderate,1
Wellesley Bridge,Mandya,Historic stone bridge built across the Kaveri,"Architecture study, Photography",Karnataka,India,Heritage,"Cultural, Photography",October to March,Moderate,1
Tipu Sultan’s Armor,Mandya,Museum site showing the weapons of the Mysore Tiger,"History tour, Viewing military artifacts",Karnataka,India,Wildlife,Cultural,October to March,Moderate,1
Arakere Heritage,Mandya,Traditional village known for its agricultural roots,"Farm visits, Rural life photography, Local food tasting",Karnataka,India,Sightseeing,Photography,October to March,Moderate,1
Kalaburagi Fort,Kalaburagi,14th-century Bahmani fort with a massive 29-foot cannon,"History tour, Fort exploration, Photography",Karnataka,India,Heritage,"Cultural, Photography",October to March,Moderate,1
Jama Masjid Gulbarga,Kalaburagi,Unique mosque built inside the fort with no open courtyard,"Architecture study, History tour, Photography",Karnataka,India,Temple/Religious,"Spiritual, Cultural, Photography",October to March,Moderate,1
Haft Gumbaz,Kalaburagi,Seven tombs of the Bahmani rulers with distinctive domes,"History tour, Architecture photography, Sightseeing",Karnataka,India,Sightseeing,"Cultural, Photography",October to March,Moderate,1
Khwaja Bande Nawaz Dargah,Kalaburagi,Shrine of the famous Sufi saint in Indo-Saracenic style,"Pilgrimage, Architecture study, Attending the annual Urs",Karnataka,India,Temple/Religious,"Spiritual, Cultural",October to March,Moderate,1
Sharana Basaveshwara Temple,Kalaburagi,Historic Hindu temple dedicated to a 12th-century philosopher,"Pilgrimage, Watching traditional rituals",Karnataka,India,Temple/Religious,Spiritual,October to March,Moderate,1
Buddha Vihar,Kalaburagi,Sprawling Buddhist spiritual center with a grand pagoda,"Meditation, Museum tour, Photography, Spiritual retreat",Karnataka,India,Heritage,"Spiritual, Cultural, Photography",October to March,Moderate,1
Chandrampalli Dam,Kalaburagi,Scenic dam built across the Bhima river between two hills,"Boating, Jungle trekking, Island visits, Picnic",Karnataka,India,Wildlife,"Adventure, Eco, Family",October to March,Budget,1
Khoroti (Khorooti) Village,Kalaburagi,Home to the historic Sayyid Muhammad al-Husayni monument,"History tour, Cultural exploration",Karnataka,India,Heritage,Cultural,October to March,Moderate,1
Sannati (Ashokan Edicts),Kalaburagi,Archaeological site with Ashokan rock edicts and Buddhist stupas,"Archaeology study, History tour, Museum visit",Karnataka,India,Heritage,Cultural,October to March,Moderate,1
Chandralamba Temple (Sannati),Kalaburagi,Ancient temple located on the banks of the Bhima river,"Pilgrimage, River-side relaxation, Architecture study",Karnataka,India,Temple/Religious,"Spiritual, Cultural",October to March,Moderate,1
Nagavi Ghat,Kalaburagi,Scenic riverbank area known for its peaceful environment,"River bathing, Photography, Picnic",Karnataka,India,Lake/Water,"Family, Photography",October to March,Moderate,1
Jivargi (Jevargi) Caves,Kalaburagi,Ancient rock-cut caves used by monks,"Cave exploration, History tour, Photography",Karnataka,India,Cave/Geological,"Cultural, Photography",October to March,Moderate,1
Brahmapur Temple,Kalaburagi,One of the oldest temples in the city area,"Pilgrimage, Viewing traditional festivals",Karnataka,India,Temple/Religious,Spiritual,October to March,Moderate,1
Appa Lake,Kalaburagi,Pleasant urban lake named after Sharana Basaveshwara,"Evening walks, Bird watching, Relaxation",Karnataka,India,Wildlife,Eco,October to March,Budget,1
Kambleshwar Temple,Kalaburagi,Known for its unique pillars and ancient stone carvings,"Art appreciation, Architecture photography",Karnataka,India,Sightseeing,"Cultural, Photography",October to March,Moderate,1
Chincholi Wildlife Sanctuary,Kalaburagi,The only dry deciduous forest in North Karnataka,"Trekking, Wildlife spotting, Nature photography",Karnataka,India,Wildlife,"Adventure, Eco, Photography",October to March,Budget,1
Ethipotha Falls,Kalaburagi,Scenic seasonal waterfall located in the hilly terrains,"Nature photography, Picnic, Short trekking",Karnataka,India,Waterfall,"Adventure, Eco, Family",October to March,Budget,1
Ganagapura Dattatreya Temple,Kalaburagi,Major pilgrimage center at the confluence of Bhima and Amarja,"Pilgrimage, Performing religious rites, River bathing",Karnataka,India,Temple/Religious,Spiritual,October to March,Moderate,1
Malkhed Fort,Kalaburagi,Former capital of the Rashtrakuta dynasty,"History tour, Fort trekking, Photography",Karnataka,India,Heritage,"Adventure, Cultural, Photography",October to March,Budget,1
Uttaradi Matha (Malkhed),Kalaburagi,Prominent spiritual center for Madhwa Brahmins,"Religious visit, Spiritual study, Viewing historical manuscripts",Karnataka,India,Heritage,Spiritual,October to March,Moderate,1
Sedam Heritage Homes,Kalaburagi,Traditional 'wadas' or mansions with intricate woodwork,"Heritage walk, Architecture study, Cultural photography",Karnataka,India,Heritage,"Cultural, Photography",October to March,Moderate,1
Yadgir Hill Fort (Nearby),Kalaburagi,Massive hill fort with unique natural rock formations,"Adventure trekking, Fort exploration, Viewing the city",Karnataka,India,Heritage,Adventure,October to March,Budget,1
Afzalpur Dargah,Kalaburagi,Historic shrine attracting people of all faiths,"Religious visit, Cultural exploration",Karnataka,India,Temple/Religious,Spiritual,October to March,Moderate,1
Sri Revanasiddaeshwara Temple,Kalaburagi,Famous hilltop temple with a steep stone staircase,"Uphill trekking, Pilgrimage, Viewpoint viewing",Karnataka,India,Temple/Religious,"Adventure, Spiritual, Photography",October to March,Budget,1
Basaveshwara Statue (City Center),Kalaburagi,Massive statue of the social reformer Basavanna,"Photography, Sightseeing, City exploration",Karnataka,India,Sightseeing,Photography,October to March,Moderate,1
Gulbarga Science Centre,Kalaburagi,Educational park with interactive science exhibits,"Science park tour, Educational visit, Family fun",Karnataka,India,Garden/Nature,Family,October to March,Moderate,1
Sindagi (Sindagi) Fort,Kalaburagi,Lesser-known ruins of a medieval fort,"History exploration, Photography",Karnataka,India,Heritage,"Cultural, Photography",October to March,Moderate,1
Bhima River Banks,Kalaburagi,Wide river stretches ideal for sunset viewing,"Sunset photography, Fishing, River-side walks",Karnataka,India,Lake/Water,"Beach, Photography",October to March,Moderate,1
Tomb of Sultan Hassan,Kalaburagi,One of the largest and most decorative Bahmani tombs,"History tour, Architecture photography",Karnataka,India,Eco Tourism,"Eco, Cultural, Photography",October to March,Budget,1
Aland Dargah,Kalaburagi,Spiritual center known for the Ladle Mashak shrine,"Pilgrimage, Viewing ancient Sufi architecture",Karnataka,India,Temple/Religious,"Spiritual, Cultural",October to March,Moderate,1
"Chennakeshava Temple, Belur",Hassan,12th-century masterpiece of Hoysala architecture,"Architecture photography, History tour, Pilgrimage",Karnataka,India,Temple/Religious,"Spiritual, Cultural, Photography",October to March,Moderate,1
"Hoysaleswara Temple, Halebidu",Hassan,Massive twin temples with intricate stone carvings,"Studying mythological reliefs, Photography, Sightseeing",Karnataka,India,Temple/Religious,"Spiritual, Photography",October to March,Moderate,1
"Gomateshwara Statue, Shravanabelagola",Hassan,57-foot tall monolithic statue of Lord Bahubali,"Climbing Vindhyagiri hill, Pilgrimage, Panoramic viewing",Karnataka,India,Temple/Religious,"Adventure, Spiritual",October to March,Budget,1
Shettihalli Rosary Church,Hassan,Gothic-style church that remains submerged during monsoons,"Sunset photography, Boat ride to the ruins, History tour",Karnataka,India,Temple/Religious,"Spiritual, Cultural, Beach",October to March,Moderate,1
Manjarabad Fort,Hassan,Star-shaped fort built by Tipu Sultan in 1792,"Fort trekking, Photography, Enjoying views of the Western Ghats",Karnataka,India,Heritage,"Adventure, Photography",October to March,Budget,1
Hasanamba Temple,Hassan,"Temple dedicated to Goddess Shakti, open only during Diwali","Pilgrimage, Witnessing local religious traditions",Karnataka,India,Temple/Religious,Spiritual,October to March,Moderate,1
Gorur Dam (Hemavati Dam),Hassan,Large reservoir on the Hemavati river with scenic views,"Picnic, Bird watching, Photography during water release",Karnataka,India,Wildlife,"Eco, Family, Photography",October to March,Budget,1
Bisle Ghat,Hassan,Dense forest viewpoint overlooking three mountain ranges,"Nature photography, Trekking, Wildlife spotting",Karnataka,India,Wildlife,"Adventure, Eco, Photography",October to March,Budget,1
"Lakshmi Devi Temple, Doddagaddavalli",Hassan,Unique four-shrine (Chatuskuta) Hoysala temple,"Architecture study, Photography, Spiritual visit",Karnataka,India,Temple/Religious,"Spiritual, Cultural, Photography",October to March,Moderate,1
Maharaja Park,Hassan,Lush green lung of Hassan city with tall trees,"Evening walks, Family picnic, Children's play area",Karnataka,India,Sightseeing,Family,October to March,Moderate,1
"Bucheshwara Temple, Koravangala",Hassan,Elegant 12th-century temple dedicated to Lord Shiva,"Exploring stone carvings, Quiet meditation, Photography",Karnataka,India,Temple/Religious,"Spiritual, Photography",October to March,Moderate,1
Hulikere Pond,Hassan,Architectural stepwell with shrines representing constellations,"History tour, Photography of the stone steps",Karnataka,India,Temple/Religious,"Spiritual, Cultural, Photography",October to March,Moderate,1
"Ishvara Temple, Arasikere",Hassan,Unique star-shaped Hoysala temple with complex design,"Architecture photography, Religious visit",Karnataka,India,Temple/Religious,"Spiritual, Cultural, Photography",October to March,Moderate,1
"Jain Matt, Shravanabelagola",Hassan,Ancient monastery housing 19th-century metal idols,"Learning about Jain history, Seeking blessings, Museum visit",Karnataka,India,Heritage,Cultural,October to March,Moderate,1
"Kedareshwara Temple, Halebidu",Hassan,Intricate temple known for its star-shaped base,"Studying soapstone carvings, Photography",Karnataka,India,Temple/Religious,"Spiritual, Photography",October to March,Moderate,1
"Lakshmi Narasimha Temple, Nuggehalli",Hassan,Well-preserved temple with detailed outdoor sculptures,"Architecture study, Pilgrimage, Photography",Karnataka,India,Temple/Religious,"Spiritual, Cultural, Photography",October to March,Moderate,1
Ramanathapura Temples,Hassan,Cluster of temples on the banks of Cauvery (Dakshina Kashi),"River bathing, Temple hopping, Spiritual retreat",Karnataka,India,Temple/Religious,Spiritual,October to March,Moderate,1
Twin Temples of Mosale,Hassan,Nageshwara & Chennakeshava temples built side-by-side,"Comparing Shaiva and Vaishnava architecture, Photography",Karnataka,India,Temple/Religious,"Spiritual, Cultural, Photography",October to March,Moderate,1
"Allalanatha Temple, Kondajji",Hassan,Houses a 14-foot tall idol of Lord Chennakeshava,"Pilgrimage, Viewing the massive stone idol",Karnataka,India,Temple/Religious,Spiritual,October to March,Moderate,1
Kappe Chennigaraya Temple,Hassan,Located within the Belur complex; built by Queen Shantala,"Architecture tour, Religious visit",Karnataka,India,Sightseeing,"Spiritual, Cultural",October to March,Moderate,1
Chandragiri Hill,Hassan,Small hill with several historic Jain Bastis,"Trekking, Visiting Chavundaraya Basadi, History study",Karnataka,India,Heritage,"Adventure, Cultural",October to March,Budget,1
Yagachi Dam,Hassan,Water sports hub on the Yagachi river,"Kayaking, Jet skiing, Speed boating, Picnic",Karnataka,India,Lake/Water,"Adventure, Family, Beach",October to March,Budget,1
Jenukallu Betta,Hassan,Highest peak in the region with spectacular valley views,"Challenging trekking, Photography, Camping",Karnataka,India,Mountain/Hill,"Adventure, Photography",October to March,Budget,3
Parvathamma Betta,Hassan,Hilltop temple dedicated to Lord Shiva and Parvati,"Adventure trekking, Viewpoint viewing, Pilgrimage",Karnataka,India,Temple/Religious,"Adventure, Spiritual, Photography",October to March,Budget,1
Gendekatte Park,Hassan,Deer park and forest reserve near Hassan town,"Wildlife viewing, Morning walks, Nature photography",Karnataka,India,Wildlife,"Eco, Photography",October to March,Budget,1
Shantala Devi Alcove,Hassan,Artistic spot inside Halebidu temple dedicated to the Queen,"Art appreciation, Photography",Karnataka,India,Temple/Religious,"Spiritual, Photography",October to March,Moderate,1
Basti Hill,Hassan,Hillock featuring several black stone Jain Bastis,"Archaeological exploration, Quiet contemplation",Karnataka,India,Heritage,Cultural,October to March,Moderate,1
"Yoganarasimha Swamy Temple, Gorur",Hassan,Historic temple on the banks of the Hemavati,"Pilgrimage, River-side relaxation, Photography",Karnataka,India,Temple/Religious,"Spiritual, Photography",October to March,Moderate,1
Chavundaraya Basadi,Hassan,Ancient Jain temple with pyramidal roof structure,"Architecture study, History tour",Karnataka,India,Temple/Religious,"Spiritual, Cultural",October to March,Moderate,1
"Sadasiva Temple, Nuggehalli",Hassan,Ekamukha (single-faced) Shiva temple with Hoysala art,"Religious visit, Art appreciation, Photography",Karnataka,India,Temple/Religious,"Spiritual, Photography",October to March,Moderate,1
Gokarna Main Beach,Uttar_Kannada,Famous for its temple proximity and surfing,"Swimming, Surfing, Beach trekking",Karnataka,India,Beach,"Adventure, Spiritual, Beach",October to March,Budget,1
Om Beach,Uttar_Kannada,Naturally shaped like the Hindu 'Om' symbol,"Speed boating, Trekking to nearby beaches, Sunbathing",Karnataka,India,Beach,"Adventure, Beach",October to March,Budget,2
Kudle Beach,Uttar_Kannada,Wide sandy beach popular with backpackers,"Beach yoga, Sunset viewing, Cafe hopping",Karnataka,India,Beach,"Beach, Photography",October to March,Moderate,2
Half Moon Beach,Uttar_Kannada,Secluded crescent-shaped beach reachable by trek,"Trekking, Camping, Quiet relaxation",Karnataka,India,Beach,"Adventure, Beach",October to March,Budget,2
Paradise Beach,Uttar_Kannada,Remote rocky beach known for its hippie culture roots,"Boat transit, Night camping, Photography",Karnataka,India,Beach,"Beach, Photography",October to March,Moderate,2
Murudeshwar Temple,Uttar_Kannada,Home to the world's second-tallest Shiva statue,"Pilgrimage, Climbing the Rajagopura for sea views",Karnataka,India,Temple/Religious,"Adventure, Eco, Spiritual",October to March,Budget,1
Murudeshwar Beach,Uttar_Kannada,Beach adjacent to the massive Shiva shrine,"Water sports, Photography, Evening walks",Karnataka,India,Beach,"Spiritual, Beach, Photography",October to March,Moderate,2
Netrani Island,Uttar_Kannada,Heart-shaped island known as the 'Pigeon Island',"Scuba diving, Snorkeling, Deep-sea photography",Karnataka,India,Island,"Beach, Photography",October to March,Moderate,1
Dandeli Wildlife Sanctuary,Uttar_Kannada,Second largest wildlife sanctuary in Karnataka,"Jungle safari, Bird watching, Wildlife photography",Karnataka,India,Wildlife,"Eco, Photography",October to March,Budget,2
Kali River Rafting (Dandeli),Uttar_Kannada,Famous white-water rafting destination,"River rafting, Kayaking, Natural jacuzzi bathing",Karnataka,India,Lake/Water,Adventure,October to March,Budget,1
Supa Dam,Uttar_Kannada,Massive concrete gravity dam on the Kali river,"Viewing the reservoir, Photography, Educational tour",Karnataka,India,Lake/Water,Photography,October to March,Moderate,1
Syntheri Rocks,Uttar_Kannada,Monolithic limestone rock formation in the forest,"Trekking, Geological study, Photography",Karnataka,India,Mountain/Hill,"Adventure, Eco, Photography",October to March,Budget,1
Jog Falls (Siddapur side),Uttar_Kannada,Highest untiered waterfall in India,"Waterfall viewing, Photography, Nature walks",Karnataka,India,Waterfall,"Eco, Photography",October to March,Budget,1
Unchalli Falls,Uttar_Kannada,Spectacular 116-meter drop known as Lushington Falls,"Forest trekking, Photography, Nature appreciation",Karnataka,India,Waterfall,"Adventure, Eco, Photography",October to March,Budget,1
Yana Caves,Uttar_Kannada,Unique crystalline karst limestone rock formations,"Trekking, Cave exploration, Photography",Karnataka,India,Mountain/Hill,"Adventure, Photography",October to March,Budget,1
Vibhuti Falls,Uttar_Kannada,Multi-tiered perennial forest waterfall,"Swimming, Photography, Nature walks",Karnataka,India,Waterfall,"Eco, Photography",October to March,Budget,1
Mirjan Fort,Uttar_Kannada,16th-century architectural marvel covered in moss,"History tour, Fort exploration, Photography",Karnataka,India,Heritage,"Cultural, Photography",October to March,Moderate,1
Karwar Beach (Rabindranath Tagore Beach),Uttar_Kannada,Scenic beach that inspired Tagore's poetry,"Visit INS Chapal Warship Museum, Water sports",Karnataka,India,Beach,"Cultural, Beach, Photography",October to March,Moderate,2
Devbagh Island,Uttar_Kannada,Pristine island resort off the coast of Karwar,"Snorkeling, Banana boat rides, Private beach stay",Karnataka,India,Beach,"Beach, Leisure",October to March,Moderate,2
Anshi National Park,Uttar_Kannada,Evergreen tropical rainforest and tiger reserve,"Jungle trekking, Wildlife spotting, Bird watching",Karnataka,India,Wildlife,"Adventure, Eco",October to March,Budget,2
Sahasralinga,Uttar_Kannada,Thousands of Shiva Lingas carved on rocks in the river,"Religious visit, Nature photography, River exploration",Karnataka,India,Temple/Religious,"Eco, Spiritual, Photography",October to March,Budget,1
Sirsi Marikamba Temple,Uttar_Kannada,Famous for its massive wooden chariot,"Pilgrimage, Viewing temple murals, Cultural study",Karnataka,India,Temple/Religious,Spiritual,October to March,Moderate,1
Magod Falls,Uttar_Kannada,Two-step waterfall formed by the Bedti river,"Landscape photography, Picnic, Nature walks",Karnataka,India,Waterfall,"Eco, Family, Photography",October to March,Budget,1
Sathodi Falls,Uttar_Kannada,Known as the 'Mini Niagara' of Uttara Kannada,"Forest trekking, Swimming, Photography",Karnataka,India,Mountain/Hill,"Adventure, Eco, Photography",October to March,Budget,1
Apsarakonda Falls,Uttar_Kannada,Coastal waterfall with a mythical 'pond of nymphs',"Sea-view trekking, Sunset viewing, Photography",Karnataka,India,Waterfall,"Adventure, Beach, Photography",October to March,Budget,1
Idagunji Ganesha Temple,Uttar_Kannada,Ancient temple with a 1500-year-old idol,"Pilgrimage, Architecture study, Religious visit",Karnataka,India,Temple/Religious,"Spiritual, Cultural",October to March,Moderate,1
Banavasi Madhukeshwara Temple,Uttar_Kannada,Capital of the ancient Kadamba dynasty,"History tour, Stone carving study, Pilgrimage",Karnataka,India,Temple/Religious,"Spiritual, Cultural",October to March,Moderate,1
Gudavi Bird Sanctuary,Uttar_Kannada,Lake sanctuary attracting thousands of migratory birds,"Bird watching, Nature walks, Photography",Karnataka,India,Wildlife,"Eco, Photography",October to March,Budget,1
Shivaganga Falls,Uttar_Kannada,River Shalmala drops 74 meters into a deep valley,"Viewpoint viewing, Nature photography, Trekking",Karnataka,India,Mountain/Hill,"Adventure, Eco, Photography",October to March,Budget,1
Majali Beach,Uttar_Kannada,Quiet beach near the Goa border,"Kayaking, Row boating, Quiet relaxation",Karnataka,India,Beach,"Adventure, Beach",October to March,Budget,2
Amber Fort,Jaipur,Magnificent hilltop fortified palace of the Rajput Maharajas,"Guided fort tour, Elephant ride, Sound and light show, Photography",Rajasthan,India,Heritage,"Cultural, Photography",October to March,Moderate,2
Hawa Mahal,Jaipur,Palace of Winds with 953 jharokha windows built for royal ladies,"Architecture photography, City views, Museum visit",Rajasthan,India,Heritage,"Cultural, Photography",October to March,Budget,1
City Palace Jaipur,Jaipur,Royal palace complex housing the Maharaja of Jaipur,"Palace tour, Museum viewing, Photography, Cultural shows",Rajasthan,India,Heritage,"Cultural, Leisure",October to March,Moderate,2
Jal Mahal,Jaipur,Water Palace in the middle of Man Sagar Lake,"Photography, Boat rides, Evening views",Rajasthan,India,Heritage,"Photography, Leisure",October to March,Budget,1
Nahargarh Fort,Jaipur,18th-century fortress with panoramic views of Jaipur city,"Sunset viewing, Photography, Heritage walk",Rajasthan,India,Heritage,"Cultural, Photography",October to March,Budget,1
Jantar Mantar Jaipur,Jaipur,UNESCO World Heritage Site — largest stone astronomical observatory,"Astronomy tour, Architecture study, Photography",Rajasthan,India,Heritage,Cultural,October to March,Budget,1
Mehrangarh Fort,Jodhpur,Massive 15th-century fort towering 400 feet above Jodhpur,"Fort museum, Guided tour, Panoramic city photography, Zip-lining",Rajasthan,India,Heritage,"Cultural, Adventure, Photography",October to March,Moderate,2
Jaswant Thada,Jodhpur,White marble royal crematorium known as Taj Mahal of Marwar,"Architecture photography, Heritage walk",Rajasthan,India,Heritage,Cultural,October to March,Budget,1
Umaid Bhawan Palace,Jodhpur,World's largest private residence and luxury heritage hotel,"Palace museum, Photography, High tea, Luxury stay",Rajasthan,India,Heritage,"Cultural, Leisure",October to March,Luxury,2
Mandore Gardens,Jodhpur,Historic garden with cenotaphs of Jodhpur rulers,"Heritage walk, Sculpture viewing, Picnic",Rajasthan,India,Heritage,Cultural,October to March,Budget,1
City Palace Udaipur,Udaipur,Majestic palace complex on the shores of Lake Pichola,"Palace tour, Lake views, Photography, Museum",Rajasthan,India,Heritage,"Cultural, Leisure",October to March,Moderate,2
Lake Pichola,Udaipur,Artificial freshwater lake with island palaces,"Boat ride, Sunset cruise, Photography",Rajasthan,India,Lake/Water,"Leisure, Photography",October to March,Moderate,1
Jaisalmer Fort,Jaisalmer,Living fort — UNESCO listed golden sandstone fortification,"Fort walk, Shopping for handicrafts, Architecture photography",Rajasthan,India,Heritage,"Cultural, Photography",October to March,Moderate,2
Sam Sand Dunes,Jaisalmer,Golden sand dunes of the Thar Desert offering camel safari,"Camel safari, Sunset viewing, Cultural folk performance, Camping",Rajasthan,India,Wildlife,"Adventure, Cultural",October to March,Moderate,1
Pushkar Lake,Pushkar,Sacred lake with 52 bathing ghats and Brahma Temple,"Pilgrimage, Ghat walk, Camel Fair viewing, Photography",Rajasthan,India,Temple/Religious,"Spiritual, Cultural",October to March,Budget,2
Brahma Temple Pushkar,Pushkar,One of very few temples dedicated to Lord Brahma in the world,"Pilgrimage, Architecture photography",Rajasthan,India,Temple/Religious,Spiritual,October to March,Budget,1
Ranthambore National Park,Sawai Madhopur,Famous tiger reserve inside a historic fort landscape,"Tiger safari, Jungle jeep ride, Bird watching, Fort ruins exploration",Rajasthan,India,Wildlife,"Eco, Adventure",October to June,Premium,3
Keoladeo Ghana National Park,Bharatpur,UNESCO World Heritage bird sanctuary with 370+ species,"Bird watching, Cycle rickshaw ride, Nature photography",Rajasthan,India,Wildlife,"Eco, Photography",October to March,Moderate,2
Chittorgarh Fort,Chittorgarh,Largest fort in India with stories of Rajput valor and Jauhar,"Fort walk, History tour, Photography",Rajasthan,India,Heritage,Cultural,October to March,Budget,2
Thar Desert,Barmer,Vast arid desert forming the backdrop of Rajasthan's culture,"Dune bashing, Camel trek, Village safari, Stargazing",Rajasthan,India,Sightseeing,"Adventure, Cultural",November to February,Moderate,2
Bundi Stepwells (Raniji ki Baori),Bundi,14-storey ornate stepwell with intricate carvings,"Architecture study, Photography, Heritage walk",Rajasthan,India,Heritage,"Cultural, Photography",October to March,Budget,1
Shekhawati Region Havelis,Shekhawati,Open-air art gallery of ornately painted havelis,"Heritage trail, Mural photography, Cultural tour",Rajasthan,India,Heritage,"Cultural, Photography",October to March,Budget,2
Mount Abu Dilwara Temples,Mount Abu,11th–13th century Jain marble temples with exquisite carvings,"Architecture study, Pilgrimage, Photography",Rajasthan,India,Temple/Religious,"Spiritual, Cultural",October to March,Moderate,1
Nakki Lake Mount Abu,Mount Abu,Crater lake at India's only hill station in the desert state,"Boating, Nature walks, Sunset viewpoint",Rajasthan,India,Lake/Water,"Leisure, Family",October to March,Budget,1
Kumbhalgarh Fort,Rajsamand,Second longest wall in the world; Maharana Pratap's birthplace,"Fort walk, Wildlife safari in buffer zone, Sunset photography",Rajasthan,India,Heritage,"Cultural, Adventure",October to March,Moderate,2
Taragarh Fort Bundi,Bundi,Ancient hilltop fort with water tanks and palaces,"Trekking, Fort exploration, Photography",Rajasthan,India,Heritage,"Adventure, Cultural",October to March,Budget,1
Ajmer Dargah Sharif,Ajmer,Sufi saint Moinuddin Chishti's shrine visited by all faiths,"Pilgrimage, Qawwali listening, Cultural immersion",Rajasthan,India,Temple/Religious,"Spiritual, Cultural",October to March,Budget,1
Sariska Tiger Reserve,Alwar,Tiger reserve with Sariska Palace and ancient temples,"Tiger safari, Jeep ride, Temple visit, Bird watching",Rajasthan,India,Wildlife,"Eco, Adventure",October to May,Moderate,2
Alwar City Palace,Alwar,19th-century palace with a vast library and museum,"Museum tour, Photography, Heritage walk",Rajasthan,India,Heritage,Cultural,October to March,Budget,1
Osian Sun Temple,Jodhpur,8th–10th century Pratihara dynasty Hindu and Jain temples,"Temple visit, Architecture study, Desert safari",Rajasthan,India,Temple/Religious,"Spiritual, Cultural",October to March,Budget,1
Bhangarh Fort,Alwar,Ruins of a 17th-century fort known for its eerie legends,"Fort exploration, Photography, Paranormal tourism",Rajasthan,India,Heritage,"Cultural, Adventure",October to March,Budget,1
Bikaner Camel Festival,Bikaner,"Annual festival showcasing camel breeds, races, and folk culture","Camel race, Folk dance, Handicraft fair, Photography",Rajasthan,India,Sightseeing,Cultural,January,Moderate,2
Junagarh Fort Bikaner,Bikaner,Impressive 16th-century fort with elaborately decorated palace rooms,"Museum tour, Palace viewing, Photography",Rajasthan,India,Heritage,Cultural,October to March,Moderate,1
Kuldhara Abandoned Village,Jaisalmer,Mysterious abandoned 600-year-old Paliwal Brahmin village,"Heritage exploration, Photography, Cultural learning",Rajasthan,India,Heritage,Cultural,October to March,Budget,1
Panna Meena ka Kund,Jaipur,Magnificent geometric stepwell near Amber Fort,"Architecture photography, Heritage walk",Rajasthan,India,Heritage,Photography,October to March,Budget,1
Taj Mahal,Agra,UNESCO World Heritage — ivory-white marble mausoleum built by Mughal Emperor Shah Jahan,"Sunrise photography, Guided heritage tour, Monument viewing",Uttar Pradesh,India,Heritage,"Cultural, Photography",October to March,Moderate,1
Agra Fort,Agra,UNESCO World Heritage — massive red sandstone fort and palace of Mughal emperors,"Guided heritage tour, Photography, Panoramic views of Taj Mahal",Uttar Pradesh,India,Heritage,Cultural,October to March,Budget,1
Fatehpur Sikri,Agra,UNESCO World Heritage — abandoned Mughal capital city built by Akbar,"Heritage walk, Architecture photography, History tour",Uttar Pradesh,India,Heritage,Cultural,October to March,Budget,1
Varanasi Ghats,Varanasi,Sacred ghats of River Ganga — oldest living city in the world,"Morning boat ride, Ghat walk, Ganga Aarti, Pilgrimage",Uttar Pradesh,India,Temple/Religious,"Spiritual, Cultural, Photography",October to March,Budget,3
Kashi Vishwanath Temple,Varanasi,One of the 12 Jyotirlingas — holiest Shiva temple in Hinduism,"Pilgrimage, Temple darshan, Cultural experience",Uttar Pradesh,India,Temple/Religious,Spiritual,October to March,Budget,1
Sarnath,Varanasi,Site where Buddha delivered his first sermon after enlightenment,"Archaeological museum, Dhamek Stupa visit, Meditation, History tour",Uttar Pradesh,India,Heritage,"Spiritual, Cultural",October to March,Budget,1
Prayagraj Triveni Sangam,Prayagraj,"Sacred confluence of Ganga, Yamuna, and the mythical Saraswati rivers","Pilgrimage, Boat ride, Kumbh Mela experience",Uttar Pradesh,India,Temple/Religious,Spiritual,October to March,Budget,1
Allahabad Fort,Prayagraj,Akbar's 16th-century fort at the confluence of sacred rivers,"Heritage tour, Photography, History study",Uttar Pradesh,India,Heritage,Cultural,October to March,Budget,1
Mathura Krishna Janmabhoomi,Mathura,Birthplace of Lord Krishna — one of Hinduism's holiest cities,"Pilgrimage, Temple darshan, Cultural festivals",Uttar Pradesh,India,Temple/Religious,"Spiritual, Cultural",October to February,Budget,2
Vrindavan Banke Bihari Temple,Mathura,One of the most important Krishna temples in Vrindavan,"Pilgrimage, Temple darshan, Holi festival experience",Uttar Pradesh,India,Temple/Religious,"Spiritual, Cultural",October to March,Budget,1
Lucknow Bara Imambara,Lucknow,Magnificent 18th-century Nawabi architecture with bhulbhulaiya labyrinth,"Heritage walk, Labyrinth exploration, Architecture photography",Uttar Pradesh,India,Heritage,Cultural,October to March,Budget,1
Lucknow Residency,Lucknow,Ruins of the British Residency — site of the 1857 Siege of Lucknow,"History tour, Photography, Museum visit",Uttar Pradesh,India,Heritage,Cultural,October to March,Budget,1
Dudhwa National Park,Lakhimpur Kheri,Tiger reserve in the Terai forests bordering Nepal,"Tiger safari, Rhinoceros spotting, Bird watching, Jungle walk",Uttar Pradesh,India,Wildlife,"Eco, Adventure",November to May,Premium,3
Chitrakoot Falls and Dham,Chitrakoot,Sacred site where Lord Ram spent time during exile; series of waterfalls,"Pilgrimage, Boat ride at Ram Ghat, Photography",Uttar Pradesh,India,Temple/Religious,Spiritual,October to March,Budget,2
Vindhyachal Devi Temple,Mirzapur,One of the 51 Shakti Peethas on the Vindhya Mountains,"Pilgrimage, Ganga ghat visit, Cultural experience",Uttar Pradesh,India,Temple/Religious,Spiritual,October to March,Budget,1
Ayodhya Ram Mandir,Ayodhya,Newly built grand temple at the birthplace of Lord Ram,"Pilgrimage, Temple darshan, Cultural tour, Ghat walk",Uttar Pradesh,India,Temple/Religious,"Spiritual, Cultural",October to March,Budget,2
Khajuraho Group of Monuments,Chhatarpur,UNESCO World Heritage — medieval Hindu and Jain temple complex with erotic sculptures,"Architecture tour, Light and sound show, Photography",Uttar Pradesh,India,Heritage,Cultural,October to March,Moderate,2
Vrindavan ISKCON Temple,Mathura,Grand International Society for Krishna Consciousness temple in Vrindavan,"Pilgrimage, Temple darshan, Evening aarti",Uttar Pradesh,India,Temple/Religious,Spiritual,Year-round,Budget,1
Nawabganj Bird Sanctuary,Unnao,Lake sanctuary attracting thousands of migratory birds,"Bird watching, Nature photography, Boat rides",Uttar Pradesh,India,Wildlife,"Eco, Photography",November to March,Budget,1
Jhansi Fort,Jhansi,18th-century fort associated with Rani Lakshmibai's heroic rebellion,"Heritage tour, Museum visit, Photography",Uttar Pradesh,India,Heritage,Cultural,October to March,Budget,1
Rumi Darwaza Lucknow,Lucknow,Towering 60-foot gateway modeled on the Sublime Porte in Istanbul,"Architecture photography, Heritage walk",Uttar Pradesh,India,Heritage,Cultural,October to March,Budget,1
Bithoor Sacred Ghats,Kanpur,Ancient town on the Ganges associated with the Ramayana,"Pilgrimage, Ghat walk, Photography",Uttar Pradesh,India,Temple/Religious,"Spiritual, Cultural",October to March,Budget,1
Hastinapur Wildlife Sanctuary,Meerut,Site of Mahabharata's Hastinapur; wetland wildlife sanctuary,"Bird watching, Archaeological sites, Pilgrimage",Uttar Pradesh,India,Wildlife,"Eco, Cultural",October to March,Budget,1
Agra Bear Rescue Facility,Agra,World's largest bear rescue facility run by Wildlife SOS,"Wildlife conservation tour, Photography, Educational visit",Uttar Pradesh,India,Wildlife,Eco,Year-round,Budget,1
Chunar Fort,Mirzapur,Ancient fort on the Ganges used by Sher Shah Suri and Mughals,"Heritage walk, Photography, River views",Uttar Pradesh,India,Heritage,Cultural,October to March,Budget,1
Gateway of India,Mumbai,Iconic 1924 basalt arch commemorating the British Raj on the Mumbai waterfront,"Photography, Boat ride to Elephanta, Heritage walk",Maharashtra,India,Heritage,"Cultural, Photography",October to March,Budget,1
Elephanta Caves,Mumbai,UNESCO World Heritage — cave temples dedicated to Shiva on an island,"Archaeological tour, Cave exploration, Ferry ride, Photography",Maharashtra,India,Heritage,Cultural,October to March,Moderate,1
Marine Drive Mumbai,Mumbai,3.6-km crescent-shaped boulevard along the Arabian Sea,"Evening stroll, Sunset viewing, Street food, Photography",Maharashtra,India,Sightseeing,"Leisure, Photography",October to February,Budget,1
Chhatrapati Shivaji Terminus,Mumbai,UNESCO World Heritage — magnificent Victorian Gothic railway station,"Architecture photography, Train watching, Heritage tour",Maharashtra,India,Heritage,"Cultural, Photography",October to March,Budget,1
Ajanta Caves,Aurangabad,UNESCO World Heritage — 2nd-century Buddhist rock-cut caves with paintings,"Cave tour, Guided art history walk, Photography",Maharashtra,India,Heritage,Cultural,October to March,Moderate,2
Ellora Caves,Aurangabad,"UNESCO World Heritage — Hindu, Jain, and Buddhist rock temples; Kailasa Temple","Cave exploration, Architecture study, Photography",Maharashtra,India,Heritage,Cultural,October to March,Moderate,2
Bibi Ka Maqbara,Aurangabad,17th-century mausoleum modeled on the Taj Mahal,"Architecture photography, Heritage tour",Maharashtra,India,Heritage,"Cultural, Photography",October to March,Budget,1
Shani Shingnapur Temple,Ahmednagar,Village with no locks — dedicated to Lord Shani,"Pilgrimage, Cultural exploration, Photography",Maharashtra,India,Temple/Religious,Spiritual,October to March,Budget,1
Shirdi Sai Baba Temple,Shirdi,Famous pilgrimage center of Sai Baba of Shirdi,"Pilgrimage, Temple darshan, Museum visit",Maharashtra,India,Temple/Religious,Spiritual,Year-round,Budget,2
Pune Shaniwar Wada,Pune,18th-century Peshwa fortified palace,"Heritage tour, Light and sound show, Photography",Maharashtra,India,Heritage,Cultural,October to March,Budget,1
Lonavala and Khandala,Pune,Twin hill stations in the Sahyadri Mountains,"Trekking, Waterfall viewing, Chikki tasting, Photography",Maharashtra,India,Mountain/Hill,"Adventure, Leisure, Family",July to March,Moderate,2
Bhimashankar Wildlife Sanctuary,Pune,Moist deciduous forest and Jyotirlinga temple,"Trekking, Giant squirrel spotting, Temple visit",Maharashtra,India,Wildlife,"Eco, Adventure, Spiritual",October to June,Moderate,2
Mahabaleshwar,Satara,Hill station famous for strawberries and scenic viewpoints,"Viewpoint photography, Horse riding, Strawberry picking",Maharashtra,India,Mountain/Hill,"Leisure, Family",October to June,Moderate,3
Panchgani,Satara,Table land plateau and British-era hill station,"Table land walk, Strawberry farms, Photography",Maharashtra,India,Mountain/Hill,Leisure,October to May,Moderate,2
Ratnagiri Ganpatipule Beach,Ratnagiri,Pristine beach with Ganpati temple inside a rock,"Beach walk, Temple visit, Konkan cuisine tasting",Maharashtra,India,Beach,"Leisure, Spiritual",October to March,Budget,2
Kolhapur Mahalakshmi Temple,Kolhapur,One of the 6 Shakti Peethas; ancient Ambabai temple,"Pilgrimage, Heritage tour, Local cuisine sampling",Maharashtra,India,Temple/Religious,Spiritual,Year-round,Budget,1
Trimbakeshwar Jyotirlinga,Nashik,Jyotirlinga near the source of Godavari river,"Pilgrimage, Temple darshan, River walk",Maharashtra,India,Temple/Religious,Spiritual,October to March,Budget,1
Sinhagad Fort,Pune,Clifftop fort associated with Tanaji Malusare and Chhatrapati Shivaji,"Trekking, Heritage exploration, Viewpoint photography",Maharashtra,India,Heritage,"Adventure, Cultural",October to March,Budget,1
Lavasa City,Pune,India's first planned hill city modeled on Italian Portofino,"Architecture walk, Waterfront dining, Photography, Cycling",Maharashtra,India,Sightseeing,Leisure,October to March,Premium,2
Matheran Hill Station,Raigad,No-vehicle eco-sensitive hill station with 38 viewpoints,"Trekking, Horse riding, Viewpoint photography",Maharashtra,India,Mountain/Hill,"Eco, Adventure",October to June,Moderate,2
Kas Plateau (Valley of Flowers Maharashtra),Satara,UNESCO World Heritage — seasonal wildflower plateau in Western Ghats,"Wildflower photography, Nature walk",Maharashtra,India,Garden/Nature,"Eco, Photography",August to October,Budget,1
Harihareshwar Beach and Temple,Raigad,"Beach with Harihareshwar, Harshinachal, and Bramhadeva temples","Pilgrimage, Beach walk, Photography",Maharashtra,India,Beach,"Spiritual, Leisure",October to March,Budget,2
Alibag Beach,Raigad,Popular beach near Mumbai with Kolaba Fort offshore,"Swimming, Fort visit by boat, Water sports",Maharashtra,India,Beach,"Leisure, Adventure",October to March,Moderate,2
Murud Janjira Fort,Raigad,Impregnable sea fort that was never conquered,"Boat ride, Fort exploration, Photography",Maharashtra,India,Heritage,"Adventure, Cultural",October to March,Moderate,1
Tadoba Andhari Tiger Reserve,Chandrapur,Maharashtra's oldest and largest national park for tiger sightings,"Tiger safari, Bird watching, Wildlife photography",Maharashtra,India,Wildlife,"Eco, Adventure",February to June,Premium,3
Nagpur Deekshabhoomi,Nagpur,Site where B.R. Ambedkar converted to Buddhism in 1956,"Pilgrimage, Stupa visit, Cultural history tour",Maharashtra,India,Heritage,"Spiritual, Cultural",October to March,Budget,1
Lonar Crater Lake,Buldhana,3rd largest impact crater in the world with a saline lake,"Scientific exploration, Bird watching, Photography, Hiking",Maharashtra,India,Lake/Water,"Eco, Adventure, Photography",October to March,Budget,2
Pandharpur Vitthal Temple,Solapur,Most sacred Vaishnava pilgrimage center in Maharashtra,"Pilgrimage, Temple darshan, Cultural experience",Maharashtra,India,Temple/Religious,Spiritual,Year-round,Budget,1
Nashik Godavari Ghats,Nashik,Sacred ghats of Godavari river; Panchavati and Ram Kund,"Pilgrimage, Ghat walk, Boat ride, Photography",Maharashtra,India,Temple/Religious,"Spiritual, Cultural",October to March,Budget,2
Amboli Ghat,Sindhudurg,Green hill station on the Western Ghats border of Goa,"Waterfall viewing, Trekking, Bird watching, Photography",Maharashtra,India,Mountain/Hill,"Eco, Adventure",June to March,Budget,2
Meenakshi Amman Temple,Madurai,"Magnificent Dravidian temple with 14 gopurams and 33,000 sculptures","Temple darshan, Architecture photography, Night prayer, Cultural experience",Tamil Nadu,India,Temple/Religious,"Spiritual, Cultural, Photography",October to March,Budget,2
Brihadeeswarar Temple Thanjavur,Thanjavur,UNESCO World Heritage — Great Living Chola Temple,"Architecture study, Temple darshan, History tour",Tamil Nadu,India,Temple/Religious,"Spiritual, Cultural",October to March,Budget,1
Mahabalipuram Shore Temple,Kanchipuram,UNESCO World Heritage — 7th-century Pallava shore temple,"Architecture photography, Beach walk, Heritage tour",Tamil Nadu,India,Heritage,"Cultural, Beach",October to March,Budget,1
Marina Beach Chennai,Chennai,Second longest urban beach in the world,"Morning walk, Local food, Sunrise photography, Swimming",Tamil Nadu,India,Beach,"Leisure, Photography",October to March,Budget,1
Kapaleeshwarar Temple Chennai,Chennai,Ancient Shiva temple with ornate Dravidian architecture,"Temple darshan, Architecture photography, Cultural experience",Tamil Nadu,India,Temple/Religious,"Spiritual, Cultural",Year-round,Budget,1
Ooty (Udhagamandalam),Nilgiris,Queen of Hill Stations — lush tea gardens and botanical gardens,"Toy train ride, Tea garden walk, Botanical garden, Boating",Tamil Nadu,India,Mountain/Hill,"Leisure, Family, Photography",October to June,Moderate,3
Kodaikanal,Dindigul,Princess of Hill Stations — misty valleys and star-shaped lake,"Boating, Trekking, Cycling, Photography",Tamil Nadu,India,Mountain/Hill,"Leisure, Adventure",October to June,Moderate,3
Mudumalai National Park,Nilgiris,Part of Nilgiri Biosphere Reserve; elephant and tiger corridor,"Elephant safari, Jeep ride, Bird watching",Tamil Nadu,India,Wildlife,"Eco, Adventure",October to May,Moderate,2
Rameshwaram Ramanathaswamy Temple,Ramanathapuram,One of the 12 Jyotirlingas; sacred island temple of Lord Shiva,"Pilgrimage, 22 sacred wells ritual bathing, Architecture photography",Tamil Nadu,India,Temple/Religious,Spiritual,October to March,Budget,2
Rameswaram Pamban Bridge,Ramanathapuram,India's first sea bridge connecting Rameswaram island,"Photography, Engineering study, Train journey",Tamil Nadu,India,Sightseeing,Photography,October to March,Budget,1
Kanyakumari (Land's End),Kanyakumari,Southernmost tip of India; three seas meet,"Sunrise/sunset viewing, Vivekananda Rock, Devi temple, Photography",Tamil Nadu,India,Sightseeing,"Spiritual, Photography, Leisure",October to March,Budget,2
Murugan Temple Palani,Dindigul,Sacred hilltop Murugan temple atop Sivagiri Hill,"Pilgrimage, Winch/ropeway ride, Temple darshan",Tamil Nadu,India,Temple/Religious,Spiritual,Year-round,Budget,1
Velankanni Basilica,Nagapattinam,Shrine of Our Lady of Good Health — major Christian pilgrimage,"Pilgrimage, Beach walk, Photography",Tamil Nadu,India,Temple/Religious,Spiritual,Year-round,Budget,1
Chettinad Palace and Village,Sivagangai,Ancestral mansions of Chettinad merchant community,"Heritage walk, Chettinad cuisine tasting, Architecture photography",Tamil Nadu,India,Heritage,Cultural,October to March,Moderate,2
Hogenakkal Falls,Dharmapuri,India's Niagara Falls on the Kaveri river,"Boat ride, Coracle ride, Swimming, Photography",Tamil Nadu,India,Waterfall,"Adventure, Eco",October to February,Budget,1
Auroville,Puducherry,Experimental universal township and Matrimandir meditation dome,"Spiritual retreat, Meditation, Yoga, Photography",Tamil Nadu,India,Sightseeing,"Spiritual, Eco",October to March,Moderate,2
Pondicherry French Quarter,Puducherry,"French colonial architecture, cafes, and seaside promenade","Heritage walk, Cafe hopping, Photography, Yoga",Tamil Nadu,India,Heritage,"Cultural, Leisure",October to March,Moderate,2
Ariyankuppam Backwaters,Puducherry,Scenic backwater lagoon near Pondicherry,"Kayaking, Boat ride, Bird watching, Photography",Tamil Nadu,India,Lake/Water,"Eco, Adventure",October to March,Budget,1
Nilgiri Mountain Railway (Toy Train),Nilgiris,UNESCO World Heritage — historic narrow gauge steam train to Ooty,"Scenic train journey, Photography, Heritage experience",Tamil Nadu,India,Heritage,"Cultural, Photography, Leisure",Year-round,Budget,1
Yercaud Hill Station,Salem,Little Kashmir of South India — coffee and pepper estates,"Trekking, Boating, Coffee estate visits, Photography",Tamil Nadu,India,Mountain/Hill,"Eco, Leisure",October to June,Budget,2
Courtallam Falls (Kutralam),Tenkasi,Spa of South India — medicinal waterfalls,"Bathing in medicinal falls, Eco trekking, Photography",Tamil Nadu,India,Waterfall,"Eco, Adventure",June to September,Budget,2
Vellore Fort and Museum,Vellore,16th-century fort with moat; includes government museum and church,"Heritage tour, Museum visit, Architecture photography",Tamil Nadu,India,Heritage,Cultural,October to March,Budget,1
Srirangam Ranganathaswamy Temple,Tiruchirappalli,Largest functioning Hindu temple in the world by area,"Temple darshan, Pilgrimage, Architecture photography",Tamil Nadu,India,Temple/Religious,"Spiritual, Cultural",October to March,Budget,2
Thiruvannamalai Arunachala Hill,Tiruvannamalai,Sacred hill circumambulated during Karthigai festival,"Pilgrimage, Girivalam (circumambulation), Spiritual retreat",Tamil Nadu,India,Temple/Religious,Spiritual,October to March,Budget,2
Gulf of Mannar Marine Park,Tuticorin,India's first marine biosphere reserve with coral reefs,"Snorkeling, Glass-bottom boat ride, Dolphin watching",Tamil Nadu,India,Beach,"Eco, Adventure",January to April,Moderate,2
Gingee Fort,Villupuram,Gibraltar of the East — rugged hill fort,"Trekking, Fort exploration, Photography",Tamil Nadu,India,Heritage,"Adventure, Cultural",October to March,Budget,1
Dhanushkodi Ghost Town,Ramanathapuram,Abandoned town at the tip of Rameswaram island,"Historical exploration, Photography, Beach walk",Tamil Nadu,India,Heritage,Photography,October to March,Budget,1
Amirthi Zoological Park,Vellore,Zoo and nature park in a forested area,"Wildlife viewing, Nature walks, Picnic",Tamil Nadu,India,Wildlife,"Family, Eco",October to March,Budget,1
Valparai Hill Station,Coimbatore,Less explored coffee and tea estate hill station,"Tea and coffee estate visits, Bird watching, Trekking",Tamil Nadu,India,Mountain/Hill,"Eco, Adventure",October to June,Budget,2
Kutralam (Courtallam) Papanasam Falls,Tenkasi,Sacred waterfall believed to wash away sins,"Bathing, Pilgrimage, Photography",Tamil Nadu,India,Waterfall,"Spiritual, Adventure",July to October,Budget,1
Shimla Mall Road,Shimla,Colonial-era ridge promenade and heart of the Queen of Hills,"Shopping, Heritage walk, Photography, Christ Church visit",Himachal Pradesh,India,Mountain/Hill,"Leisure, Cultural","March to June, October",Moderate,3
Manali Rohtang Pass,Kullu,"High mountain pass at 13,050 feet with snow and glaciers","Snow activities, Skiing, Photography, Adventure sports",Himachal Pradesh,India,Mountain/Hill,"Adventure, Photography",May to November,Moderate,2
Solang Valley,Kullu,Adventure hub near Manali with snow and mountain views,"Skiing, Snowboarding, Paragliding, Zorbing",Himachal Pradesh,India,Mountain/Hill,Adventure,October to June,Moderate,1
Spiti Valley,Lahaul and Spiti,Cold desert mountain valley with ancient monasteries,"Monastery visits, Trekking, Stargazing, High altitude camping",Himachal Pradesh,India,Mountain/Hill,"Adventure, Spiritual, Photography",June to September,Moderate,5
Key Monastery Spiti,Lahaul and Spiti,"Thousand-year-old Tibetan Buddhist monastery at 13,668 feet","Monastery visit, Photography, Cultural experience",Himachal Pradesh,India,Temple/Religious,"Spiritual, Photography",June to September,Budget,1
Dalhousie Hill Station,Chamba,Charming colonial hill station surrounded by pine forests,"Trekking, Dainkund Peak, Heritage walk, Photography",Himachal Pradesh,India,Mountain/Hill,"Leisure, Adventure","March to June, October",Moderate,3
Khajjiar (Mini Switzerland),Chamba,Saucer-shaped meadow with cedar forests and small lake,"Paragliding, Horse riding, Nature walk, Photography",Himachal Pradesh,India,Mountain/Hill,"Leisure, Adventure",March to June,Budget,1
Dharamsala McLeod Ganj,Kangra,Home of Dalai Lama and Tibetan government-in-exile,"Dalai Lama temple, Trekking, Tibetan culture, Yoga",Himachal Pradesh,India,Mountain/Hill,"Spiritual, Cultural, Adventure","March to June, October",Budget,3
Triund Trek,Kangra,Popular trek offering panoramic views of Dhauladhar range,"Trekking, Camping, Photography",Himachal Pradesh,India,Mountain/Hill,"Adventure, Photography","March to June, September to November",Budget,2
Kasol Village,Kullu,Small village in Parvati Valley — backpacker paradise,"River walks, Kheerganga trek, Camping, Israeli food",Himachal Pradesh,India,Mountain/Hill,Adventure,"March to June, October",Budget,3
Kullu Dussehra Festival,Kullu,Month-long festival when local deities are brought together,"Festival experience, Cultural performances, Photography",Himachal Pradesh,India,Sightseeing,Cultural,October,Moderate,5
Bhrigu Lake Trek,Kullu,"High-altitude lake trek at 14,100 feet","Alpine trekking, Camping, Photography",Himachal Pradesh,India,Mountain/Hill,"Adventure, Photography",June to September,Moderate,3
Chail Wildlife Sanctuary,Shimla,Forest sanctuary with one of the highest cricket grounds,"Wildlife spotting, Trekking, Camping, Cricket ground visit",Himachal Pradesh,India,Wildlife,"Eco, Adventure","March to June, October",Moderate,2
Kalpa and Kinnaur Valley,Kinnaur,Apple orchards and old Hindustan-Tibet road; ancient temples,"Scenic drive, Apple orchard walks, Temple visits, Photography",Himachal Pradesh,India,Mountain/Hill,"Eco, Cultural, Photography","April to June, September to November",Moderate,3
Chandrakhani Pass Trek,Kullu,Remote pass trek through Malana and Deo Tibba,"Multi-day trekking, Village visit, Photography",Himachal Pradesh,India,Mountain/Hill,Adventure,May to September,Moderate,4
Billing Paragliding Site,Bir Billing,World's second highest paragliding site; venue of Paragliding World Cup,"Paragliding, Photography, Camping",Himachal Pradesh,India,Mountain/Hill,Adventure,March to November,Moderate,2
Hampta Pass Trek,Kullu,Cross-Himalayan pass trek from Kullu to Lahaul,"Multi-day trekking, Camping, Photography",Himachal Pradesh,India,Mountain/Hill,Adventure,June to September,Moderate,5
Prashar Lake,Mandi,Sacred mountain lake with a 3-storey pagoda-style temple,"Trekking, Camping, Photography, Temple visit",Himachal Pradesh,India,Lake/Water,"Adventure, Spiritual, Photography",April to November,Budget,2
Kangra Fort,Kangra,One of the oldest and largest forts in the Himalayas,"Heritage walk, Photography, Museum visit",Himachal Pradesh,India,Heritage,Cultural,"March to June, October",Budget,1
Masrur Rock Cut Temple,Kangra,8th-century early Himalayan rock-cut temples with Shikara style,"Architecture study, Heritage walk, Photography",Himachal Pradesh,India,Heritage,Cultural,"March to June, October",Budget,1
Rishikesh Adventure Hub,Tehri Garhwal,Yoga capital of the world and adventure sports hub on Ganga,"White-water rafting, Bungee jumping, Yoga, River walk",Uttarakhand,India,Mountain/Hill,"Adventure, Spiritual",September to June,Moderate,3
Haridwar Har Ki Pauri,Haridwar,Sacred ghat where the Ganga leaves the mountains — Ganga Aarti,"Pilgrimage, Ganga Aarti, Ghat walk, Kumbh Mela",Uttarakhand,India,Temple/Religious,Spiritual,October to March,Budget,2
Valley of Flowers National Park,Chamoli,UNESCO World Heritage — blooming alpine meadow in Western Himalayas,"Trekking, Wildflower photography, Camping",Uttarakhand,India,Garden/Nature,"Eco, Adventure, Photography",July to September,Moderate,4
Hemkund Sahib,Chamoli,"Sikh pilgrimage at 15,200 feet near the Valley of Flowers","Pilgrimage, Trekking, Photography",Uttarakhand,India,Temple/Religious,"Spiritual, Adventure",June to October,Moderate,3
Kedarnath Temple,Rudraprayag,"One of the 12 Jyotirlingas; high Himalayan Shiva temple at 11,755 feet","Pilgrimage, Helicopter ride, Trekking, Photography",Uttarakhand,India,Temple/Religious,"Spiritual, Adventure",May to November,Moderate,3
Badrinath Temple,Chamoli,One of the Char Dhams; Vishnu temple in the Garhwal Himalayas,"Pilgrimage, Mana village visit, Photography, Brahmakund dip",Uttarakhand,India,Temple/Religious,Spiritual,May to November,Moderate,2
Jim Corbett National Park,Nainital,India's first national park; tiger reserve with elephant safaris,"Tiger safari, Elephant ride, Jeep ride, Bird watching",Uttarakhand,India,Wildlife,"Eco, Adventure",November to June,Premium,3
Nainital Lake,Nainital,Pear-shaped lake surrounded by hills; charming British hill station,"Boating, Ropeway ride, Mall Road walk, Photography",Uttarakhand,India,Lake/Water,"Leisure, Family","March to June, October",Moderate,3
Mussoorie Kempty Falls,Dehradun,Queen of Hill Stations with Kempty Falls and viewpoints,"Ropeway ride, Falls viewing, Photography, Mall Road walk",Uttarakhand,India,Mountain/Hill,"Leisure, Family",March to June,Moderate,3
Auli Ski Resort,Chamoli,India's premier skiing destination with Himalayan panoramas,"Skiing, Cable car ride, Photography, Trekking",Uttarakhand,India,Mountain/Hill,Adventure,January to March,Premium,3
Chopta Tungnath (Mini Switzerland),Rudraprayag,Highest Shiva temple in the world with meadow trails,"Trekking, Chandrashila peak ascent, Temple visit, Photography",Uttarakhand,India,Mountain/Hill,"Adventure, Spiritual",May to November,Budget,2
Roopkund Trek,Chamoli,"Mystery lake trek with skeletal remains at 16,500 feet","Multi-day trekking, Camping, Photography",Uttarakhand,India,Mountain/Hill,Adventure,"May to June, September to October",Moderate,8
Dhanaulti Hill Station,Tehri Garhwal,Eco park and quiet hill retreat with views of snow peaks,"Eco walk, Trekking, Camping, Apple orchard visit",Uttarakhand,India,Mountain/Hill,"Eco, Leisure","March to June, October",Budget,2
Rajaji National Park,Haridwar,"Haridwar-adjacent park with elephant, tiger, and leopard","Jeep safari, Bird watching, Ganga river trail",Uttarakhand,India,Wildlife,"Eco, Adventure",November to June,Moderate,2
Panchprayag (Five Confluences),Garhwal Region,Five sacred river confluences in the Garhwal Himalayas,"River walk, Photography, Pilgrimage, Scenic drive",Uttarakhand,India,Temple/Religious,"Spiritual, Photography",May to November,Budget,2
Lansdowne Hill Station,Pauri Garhwal,Quiet British-era cantonment hill town in dense oak forests,"Nature walk, Birdwatching, Photography, Heritage walk",Uttarakhand,India,Mountain/Hill,"Eco, Leisure","March to June, October",Budget,2
Dehradun Tapkeshwar Temple,Dehradun,Cave temple of Lord Shiva with natural spring water dripping on the Shivlinga,"Pilgrimage, Cave exploration, Photography",Uttarakhand,India,Temple/Religious,Spiritual,Year-round,Budget,1
Sattal Lake,Nainital,Cluster of seven interconnected freshwater lakes in dense forests,"Bird watching, Kayaking, Nature walk, Photography",Uttarakhand,India,Lake/Water,"Eco, Adventure","March to June, October",Budget,2
Mukteshwar Viewpoint,Nainital,Hilltop offering 180-degree views of the Himalayan range,"Photography, Trekking, Apple and pear orchard walks",Uttarakhand,India,Mountain/Hill,"Photography, Leisure",March to June,Budget,2
Kausani Tea Garden,Bageshwar,Village panorama of Trishul and Nanda Devi peaks; Anashakti Ashram,"Tea estate walk, Photography, Gandhi Ashram visit",Uttarakhand,India,Mountain/Hill,"Eco, Photography","March to June, October",Budget,2
Calangute Beach,North Goa,Queen of Goa beaches — largest and most vibrant,"Swimming, Water sports, Beach shacks, Nightlife",Goa,India,Beach,"Beach, Leisure",October to March,Moderate,3
Baga Beach,North Goa,Popular beach with shacks and nightclubs,"Swimming, Parasailing, Nightlife, Watersports",Goa,India,Beach,"Beach, Adventure",October to March,Moderate,2
Palolem Beach,South Goa,Crescent-shaped beach with colourful huts and calm waters,"Swimming, Kayaking, Fishing, Silent Disco",Goa,India,Beach,"Beach, Leisure",October to March,Moderate,3
Anjuna Beach and Flea Market,North Goa,Hippie beach with famous Wednesday flea market,"Flea market shopping, Water sports, Nightlife, Photography",Goa,India,Beach,"Beach, Cultural",October to March,Moderate,2
Dudhsagar Falls,South Goa,Spectacular four-tiered 310-meter waterfall on the Goa-Karnataka border,"Jeep safari, Swimming, Photography, Train viewing",Goa,India,Waterfall,"Adventure, Photography, Eco",June to March,Moderate,1
Basilica of Bom Jesus Goa,Old Goa,UNESCO World Heritage — holds the remains of St. Francis Xavier,"Pilgrimage, Architecture photography, Heritage tour",Goa,India,Heritage,"Spiritual, Cultural",October to March,Budget,1
Se Cathedral Old Goa,Old Goa,Largest church in India and Asia; Portuguese Baroque style,"Architecture photography, Heritage tour, Pilgrimage",Goa,India,Heritage,"Cultural, Spiritual",October to March,Budget,1
Fort Aguada,North Goa,17th-century Portuguese fort at the confluence of Mandovi and sea,"Heritage walk, Lighthouse photography, Sunset viewing",Goa,India,Heritage,"Cultural, Photography",October to March,Budget,1
Chapora Fort,North Goa,Ruined fort popular since Dil Chahta Hai was filmed here,"Heritage walk, Photography, Sunset viewing",Goa,India,Heritage,"Cultural, Photography",October to March,Budget,1
Vagator Beach,North Goa,Dramatic red laterite cliff beach with sunset psytrance parties,"Cliff walk, Photography, Nightlife, Swimming",Goa,India,Beach,"Beach, Adventure",October to March,Moderate,2
Spice Plantation Ponda,South Goa,Working tropical spice farm with elephant interaction,"Guided plantation tour, Spice tasting, Elephant bath, Traditional lunch",Goa,India,Garden/Nature,"Eco, Cultural, Family",October to March,Moderate,1
Colva Beach,South Goa,Quiet 2.4 km white-sand beach with Old Goa colonial architecture,"Swimming, Sunbathing, Beach walks, Water sports",Goa,India,Beach,"Beach, Leisure",October to March,Moderate,2
Miramar Beach Panaji,North Goa,City beach near the state capital with sunset views,"Evening walk, Photography, Local food",Goa,India,Beach,Leisure,October to March,Budget,1
Mandovi River Cruise,North Goa,Evening cruise on the Mandovi with cultural performances,"Cruise, Cultural dance, Sunset photography, Dinner",Goa,India,Sightseeing,"Cultural, Leisure",October to March,Moderate,1
Morjim Turtle Beach,North Goa,Nesting ground for Olive Ridley sea turtles,"Turtle nesting spotting, Photography, Beach walk",Goa,India,Beach,"Eco, Photography",October to March,Budget,1
Arvalem Waterfall and Caves,North Goa,Only significant waterfall in North Goa near ancient rock-cut caves,"Waterfall viewing, Cave exploration, Photography",Goa,India,Waterfall,"Adventure, Heritage",June to December,Budget,1
Chorao Island Bird Sanctuary,North Goa,Mangrove island on Mandovi with crocodiles and birds,"Boat ride, Bird watching, Mangrove cruise, Photography",Goa,India,Wildlife,"Eco, Photography",October to March,Budget,1
Candolim Beach,North Goa,Long and quiet beach near Calangute with water sports,"Water sports, Sunbathing, Beach walks, Parasailing",Goa,India,Beach,"Beach, Adventure",October to March,Moderate,2
Divar Island,North Goa,Quaint river island with Portuguese houses and paddy fields,"Cycling, Heritage walk, Photography, Kayaking",Goa,India,Sightseeing,"Cultural, Eco, Leisure",October to March,Budget,1
Casino Cruise Goa,North Goa,Luxury floating casino on Mandovi River,"Casino gaming, Live entertainment, Fine dining, Music shows",Goa,India,Sightseeing,Leisure,Year-round,Luxury,1
Dal Lake Srinagar,Srinagar,Iconic Himalayan lake with houseboats and Shikara rides,"Shikara ride, Houseboat stay, Floating vegetable market, Sunset photography",Jammu and Kashmir,India,Lake/Water,"Leisure, Photography",March to November,Premium,3
Gulmarg Ski Resort,Baramulla,Asia's highest and largest cable car; premier skiing destination,"Skiing, Gondola cable car, Snowboarding, Photography",Jammu and Kashmir,India,Mountain/Hill,Adventure,December to March,Premium,3
Pahalgam Valley,Anantnag,Valley of Shepherds; gateway to Amarnath Cave,"Trekking, Horse riding, Fishing, River walk, Photography",Jammu and Kashmir,India,Mountain/Hill,"Adventure, Leisure, Spiritual",April to October,Moderate,3
Pangong Tso Lake,Leh,"High-altitude (14,270 ft) lake spanning India and China","Photography, Camping, Stargazing, Cycling",Ladakh,India,Lake/Water,"Adventure, Photography",May to September,Moderate,2
Leh Palace,Leh,17th-century royal palace overlooking the Leh valley,"Heritage tour, Photography, Namgyal Tsemo monastery visit",Ladakh,India,Heritage,"Cultural, Photography",May to September,Budget,1
Nubra Valley,Leh,High-altitude valley with Bactrian camels and sand dunes at Hunder,"Camel safari, Sand dune walk, Monastery visit, Camping",Ladakh,India,Mountain/Hill,"Adventure, Photography, Cultural",June to September,Moderate,2
Thiksey Monastery,Leh,"12-storey monastery resembling Potala Palace, Lhasa","Monastery visit, Photography, Morning prayer participation, Cultural experience",Ladakh,India,Temple/Religious,"Spiritual, Cultural, Photography",May to September,Budget,1
Hemis Monastery Festival,Leh,Largest Tibetan Buddhist festival with giant Thangka unveiling,"Festival experience, Cultural performance, Photography",Ladakh,India,Temple/Religious,"Cultural, Spiritual",June to July,Moderate,2
Khardung La Pass,Leh,"One of the world's highest motorable mountain passes at 17,582 feet","Photography, Motorcycling, Summit viewpoint",Ladakh,India,Mountain/Hill,"Adventure, Photography",May to September,Budget,1
Moriri Lake Ladakh,Leh,Remote high-altitude wetland lake; habitat for rare birds,"Bird watching, Photography, Camping, Nomad culture experience",Ladakh,India,Lake/Water,"Eco, Photography",June to September,Moderate,2
Indus-Zanskar Confluence Nimmu,Leh,Dramatic meeting of the blue-green Zanskar and muddy Indus rivers,"Photography, Rafting, Trekking",Ladakh,India,Mountain/Hill,"Adventure, Photography",June to September,Budget,1
Vaishno Devi Temple,Reasi,One of the most visited Hindu pilgrimage sites; Shakti Peeth in Trikuta Mountains,"Pilgrimage, Cave darshan, Trekking, Helicopter ride",Jammu and Kashmir,India,Temple/Religious,Spiritual,Year-round,Budget,2
Shalimar Bagh Srinagar,Srinagar,Mughal garden built by Emperor Jahangir for Empress Nur Jahan,"Garden walk, Photography, Cultural history",Jammu and Kashmir,India,Garden/Nature,"Cultural, Leisure, Photography",April to October,Budget,1
Betab Valley Pahalgam,Anantnag,Scenic valley used as film location for Bollywood; crystal-clear Lidder river,"Photography, River walk, Camping, Horse riding",Jammu and Kashmir,India,Mountain/Hill,"Leisure, Photography",April to October,Budget,1
Sonamarg Glacier,Ganderbal,"Meadow of Gold at 8,957 feet with glaciers and snow peaks","Pony trekking, Thajiwas Glacier walk, Photography, Camping",Jammu and Kashmir,India,Mountain/Hill,"Adventure, Photography",May to September,Moderate,2
Magnetic Hill Leh,Leh,Optical illusion hill where vehicles appear to roll uphill,"Photography, Sightseeing, Cultural curiosity",Ladakh,India,Sightseeing,Photography,June to September,Budget,1
Spituk Monastery,Leh,Gelugpa monastery with a terrifying Kali statue unveiled during festival,"Monastery visit, Photography, Panoramic Leh valley views",Ladakh,India,Temple/Religious,"Spiritual, Cultural",May to September,Budget,1
Wular Lake J&K,Bandipora,Largest freshwater lake in Asia; wetland ecosystem,"Bird watching, Boating, Photography, Fishing",Jammu and Kashmir,India,Lake/Water,"Eco, Photography",May to October,Budget,1
Pari Mahal (Garden of Angels),Srinagar,Terraced Sufi garden built by Dara Shikoh,"Garden walk, Photography, Sunset viewing",Jammu and Kashmir,India,Garden/Nature,"Cultural, Photography",April to October,Budget,1
Zanskar Valley,Kargil,Remote high-altitude valley known for Chadar Walk on frozen river,"Trekking, Chadar ice river walk, Camping, Monastery visit",Ladakh,India,Mountain/Hill,"Adventure, Spiritual","June to September, January to February",Moderate,5
Victoria Memorial Kolkata,Kolkata,Iconic white marble monument built in memory of Queen Victoria,"Museum tour, Photography, Evening light show",West Bengal,India,Heritage,"Cultural, Photography",October to March,Budget,1
Howrah Bridge,Kolkata,Iconic cantilever bridge over the Hooghly river,"Photography, City walk, Heritage view",West Bengal,India,Sightseeing,Photography,October to March,Budget,1
Sundarbans National Park,South 24 Parganas,UNESCO World Heritage — world's largest mangrove forest; Royal Bengal Tiger home,"Tiger safari, Boat safari, Bird watching, Village visit",West Bengal,India,Wildlife,"Eco, Adventure",October to March,Premium,3
Darjeeling Tea Gardens,Darjeeling,World-famous tea estates on misty Himalayan slopes,"Tea tasting, Estate walk, Photography, Toy train ride",West Bengal,India,Mountain/Hill,"Eco, Leisure, Photography","March to June, October",Moderate,3
Darjeeling Toy Train (DHR),Darjeeling,UNESCO World Heritage — 1881 narrow gauge steam train,"Scenic train journey, Photography, Heritage experience",West Bengal,India,Heritage,"Cultural, Photography",March to June,Moderate,1
Tiger Hill Sunrise Point,Darjeeling,"Best sunrise point offering views of Kangchenjunga at 8,482 feet","Sunrise photography, Nature walk",West Bengal,India,Mountain/Hill,Photography,March to November,Budget,1
Kalimpong Hill Station,Kalimpong,Flower nursery town on former Tibetan trade route,"Monastery visit, Flower nurseries, Paragliding, Photography",West Bengal,India,Mountain/Hill,"Eco, Cultural, Leisure","March to June, October",Moderate,2
Durgapur Barrage,Bardhaman,Major irrigation barrage on the Damodar river,"Picnic, Boating, Photography",West Bengal,India,Lake/Water,Leisure,October to March,Budget,1
Bishnupur Temple Town,Bankura,Town with unique terracotta temples built by Malla kings,"Architecture photography, Heritage walk, Handicraft shopping",West Bengal,India,Heritage,Cultural,October to March,Budget,2
Belur Math Howrah,Howrah,"Headquarters of Ramakrishna Mission; temple combining Hindu, Islamic, Christian architecture","Spiritual visit, Architecture photography, Museum tour",West Bengal,India,Temple/Religious,"Spiritual, Cultural",October to March,Budget,1
Kalighat Kali Temple,Kolkata,One of the 51 Shakti Peethas; famous Kali temple of Kolkata,"Pilgrimage, Temple darshan, Cultural experience",West Bengal,India,Temple/Religious,Spiritual,Year-round,Budget,1
Eco Park New Town Kolkata,Kolkata,200-acre eco-themed urban park with miniature world landmarks,"Cycling, Boating, Photography, Family picnic",West Bengal,India,Garden/Nature,"Family, Leisure",October to March,Budget,1
Science City Kolkata,Kolkata,India's largest science museum and technology park,"Interactive science exhibits, Space theatre, Photography",West Bengal,India,Sightseeing,"Family, Cultural",Year-round,Budget,1
Cooch Behar Palace,Cooch Behar,19th-century Italianate palace inspired by Buckingham Palace,"Heritage tour, Photography, Museum visit",West Bengal,India,Heritage,Cultural,October to March,Budget,1
Murti River Gorge Dooars,Jalpaiguri,Scenic river gorge gateway to Dooars forests,"River walk, Bird watching, Elephant safari, Camping",West Bengal,India,Wildlife,"Eco, Adventure",October to March,Moderate,2
Jaldapara National Park,Alipurduar,One-horned rhinoceros habitat in the terai grassland,"Elephant safari, Rhino spotting, Jeep ride, Bird watching",West Bengal,India,Wildlife,"Eco, Adventure",November to March,Moderate,2
Digha Beach,Purba Medinipur,Most popular sea resort of West Bengal,"Swimming, Water sports, Sunrise photography, Beach walk",West Bengal,India,Beach,"Beach, Leisure",October to March,Budget,2
Indian Museum Kolkata,Kolkata,Oldest and largest museum in India,"Museum tour, History study, Cultural experience",West Bengal,India,Heritage,Cultural,Year-round,Budget,1
Birla Planetarium Kolkata,Kolkata,Asia's largest planetarium with sky shows,"Sky show, Science education, Photography",West Bengal,India,Sightseeing,"Family, Cultural",Year-round,Budget,1
Sandakphu Trek,Darjeeling,"Highest peak in West Bengal at 11,941 feet with Everest views","Multi-day trekking, Camping, Photography",West Bengal,India,Mountain/Hill,"Adventure, Photography","April to June, October to December",Moderate,6
Red Fort Delhi,New Delhi,UNESCO World Heritage — 17th-century Mughal fortified palace,"Heritage tour, Light and sound show, Museum visit",Delhi,India,Heritage,Cultural,October to March,Budget,1
Qutb Minar,New Delhi,UNESCO World Heritage — 73-meter 12th-century Indo-Islamic minaret,"Architecture photography, Heritage tour, History study",Delhi,India,Heritage,"Cultural, Photography",October to March,Budget,1
Humayun's Tomb,New Delhi,UNESCO World Heritage — Persian-inspired Mughal garden tomb,"Architecture photography, Garden walk, Heritage tour",Delhi,India,Heritage,"Cultural, Photography",October to March,Budget,1
India Gate,New Delhi,War memorial archway with eternal flame for Indian soldiers,"Evening visit, Photography, Street food",Delhi,India,Heritage,Cultural,Year-round,Budget,1
Lotus Temple,New Delhi,Baha'i House of Worship in the form of a lotus flower,"Meditation, Architecture photography, Spiritual visit",Delhi,India,Temple/Religious,"Spiritual, Photography",October to March,Budget,1
Akshardham Temple Delhi,New Delhi,Massive modern Hindu temple with exhibitions and musical fountain,"Temple darshan, Exhibition tour, Cultural show",Delhi,India,Temple/Religious,"Spiritual, Cultural",Year-round,Budget,1
Chandni Chowk Old Delhi,New Delhi,17th-century Mughal market with food lanes and historic mosques,"Street food tour, Shopping, Heritage walk",Delhi,India,Heritage,Cultural,October to March,Budget,1
Jama Masjid Delhi,New Delhi,India's largest mosque built by Shah Jahan,"Architecture photography, Pilgrimage, Old Delhi walk",Delhi,India,Temple/Religious,"Spiritual, Cultural",Year-round,Budget,1
National Museum New Delhi,New Delhi,"Largest museum in India spanning 5,000 years of history","Museum tour, Cultural education, Photography",Delhi,India,Heritage,Cultural,Year-round,Budget,1
Lodi Garden,New Delhi,15th-century Sayyid and Lodi dynasty tombs in a serene park,"Heritage walk, Photography, Morning jog",Delhi,India,Heritage,"Cultural, Leisure",October to March,Budget,1
Hauz Khas Village,New Delhi,Medieval reservoir and madrasa ruins turned into a trendy village,"Heritage walk, Cafe hopping, Shopping, Photography",Delhi,India,Heritage,"Cultural, Leisure",October to March,Budget,1
Purana Qila Delhi,New Delhi,Ancient Old Fort with a lake and museum,"Heritage tour, Boating, Light and sound show",Delhi,India,Heritage,Cultural,October to March,Budget,1
Dilli Haat,New Delhi,Open-air cultural village showcasing handicrafts from all Indian states,"Handicraft shopping, Cultural food tour, Photography",Delhi,India,Sightseeing,Cultural,Year-round,Budget,1
Tughlaqabad Fort,New Delhi,14th-century ruined fort built by Ghiyasuddin Tughlaq,"Heritage exploration, Photography, History study",Delhi,India,Heritage,Cultural,October to March,Budget,1
Gurudwara Bangla Sahib,New Delhi,One of the most prominent Sikh gurudwaras in Delhi,"Pilgrimage, Langar (community meal), Photography",Delhi,India,Temple/Religious,Spiritual,Year-round,Budget,1
Somnath Temple,Gir Somnath,First of the 12 Jyotirlingas; rebuilt temple on the Arabian Sea,"Pilgrimage, Sound and light show, Prabhasa Patan museum",Gujarat,India,Temple/Religious,Spiritual,October to March,Budget,2
Rann of Kutch White Desert,Kutch,Vast salt desert hosting the Rann Utsav festival under the full moon,"Salt flat photography, Cultural festival, Camel ride, Handicraft shopping",Gujarat,India,Sightseeing,"Cultural, Photography, Adventure",October to March,Moderate,3
Gir National Park,Junagadh,Last natural habitat of the Asiatic lion in the world,"Lion safari, Crocodile sighting, Bird watching, Jeep ride",Gujarat,India,Wildlife,"Eco, Adventure",December to June,Premium,3
Dwarka Dwarkadhish Temple,Devbhumi Dwarka,Pancha Dwaraka and one of the Char Dhams; Lord Krishna's kingdom,"Pilgrimage, Shankhoddar beach visit, Bet Dwarka, Architecture photography",Gujarat,India,Temple/Religious,Spiritual,October to March,Budget,2
Rani ki Vav Patan,Patan,UNESCO World Heritage — 11th-century intricately carved stepwell,"Architecture study, Photography, Heritage tour",Gujarat,India,Heritage,"Cultural, Photography",October to March,Budget,1
Sabarmati Ashram Ahmedabad,Ahmedabad,Mahatma Gandhi's historic ashram on the Sabarmati River,"Museum tour, Heritage walk, Gandhi Dandi March history",Gujarat,India,Heritage,Cultural,October to March,Budget,1
Sidi Saiyyed Mosque Ahmedabad,Ahmedabad,15th-century mosque famous for its intricate stone latticework windows,"Architecture photography, Heritage tour",Gujarat,India,Heritage,"Cultural, Photography",October to March,Budget,1
Adalaj Vav Stepwell,Gandhinagar,5-story intricately carved 15th-century stepwell,"Architecture photography, Heritage tour",Gujarat,India,Heritage,"Cultural, Photography",October to March,Budget,1
Statue of Unity,Narmada,World's tallest statue (182m) of Sardar Vallabhbhai Patel,"Statue viewing, Museum, Tent City, Valley of Flowers, Photography",Gujarat,India,Sightseeing,"Cultural, Family",October to March,Moderate,2
Marine National Park Gulf of Kutch,Jamnagar,India's first marine national park with coral reefs,"Snorkeling, Marine life viewing, Bird watching",Gujarat,India,Wildlife,Eco,October to March,Moderate,2
Lothal Harappan Site,Ahmedabad,"4,500-year-old Indus Valley Civilization port city","Archaeological tour, Museum visit, History study",Gujarat,India,Heritage,Cultural,October to March,Budget,1
Champaner-Pavagadh,Vadodara,UNESCO World Heritage — pre-Mughal city with mosques and Pavagadh Fort,"Heritage walk, Temple climb, Architecture photography",Gujarat,India,Heritage,"Cultural, Adventure",October to March,Budget,2
Saputara Hill Station,Dang,Gujarat's only hill station in the Sahyadri range,"Trekking, Boating, Rose Garden visit, Photography",Gujarat,India,Mountain/Hill,"Leisure, Adventure",October to March,Moderate,2
Ambaji Temple Gujarat,Banaskantha,One of the 51 Shakti Peethas; famous marble temple,"Pilgrimage, Temple darshan, Photography",Gujarat,India,Temple/Religious,Spiritual,Year-round,Budget,1
Modhera Sun Temple,Mehsana,11th-century Solanki dynasty sun temple,"Architecture study, Heritage walk, Photography, Dance festival",Gujarat,India,Heritage,Cultural,October to March,Budget,1
Velavadar Blackbuck National Park,Bhavnagar,Largest blackbuck (Indian antelope) population; wolf and harrier habitat,"Wildlife safari, Blackbuck photography, Bird watching",Gujarat,India,Wildlife,"Eco, Photography",October to March,Moderate,1
Palitana Jain Temples,Bhavnagar,900 Jain temples on Shatrunjaya Hill — holiest Jain pilgrimage,"Pilgrimage, Temple trekking (3,800 steps), Architecture photography",Gujarat,India,Temple/Religious,"Spiritual, Adventure",October to March,Moderate,2
Kutch Museum Bhuj,Kutch,Oldest museum in Gujarat; Kutchi textiles and Kshatrapa coins,"Museum tour, Cultural history, Photography",Gujarat,India,Heritage,Cultural,October to March,Budget,1
Nalsarovar Bird Sanctuary,Ahmedabad,Largest natural wetland sanctuary in western India,"Bird watching, Boat rides, Photography",Gujarat,India,Wildlife,"Eco, Photography",November to February,Budget,1
Girnar Hill Junagadh,Junagadh,"Sacred mountain with temples of multiple religions; 10,000 steps","Pilgrimage, Heritage trekking, Photography",Gujarat,India,Temple/Religious,"Spiritual, Adventure",October to March,Budget,2
Tirumala Venkateswara Temple,Tirupati,Most visited religious site in the world; richest Hindu temple,"Pilgrimage, Temple darshan, Heritage walk",Andhra Pradesh,India,Temple/Religious,Spiritual,Year-round,Moderate,2
Araku Valley,Visakhapatnam,Coffee-growing valley in the Eastern Ghats,"Tribal museum, Coffee estate, Scenic train journey, Trekking",Andhra Pradesh,India,Mountain/Hill,"Eco, Cultural",October to March,Budget,2
Borra Caves,Visakhapatnam,One of the largest natural limestone caves in India,"Cave exploration, Photography, Stalactite viewing",Andhra Pradesh,India,Cave/Geological,Adventure,October to March,Budget,1
Visakhapatnam Beach (Rushikonda),Visakhapatnam,Popular beach with calm waves and water sports,"Swimming, Surfing, Water sports, Sunbathing",Andhra Pradesh,India,Beach,"Beach, Adventure",October to March,Budget,2
Lepakshi Veerabhadra Temple,Anantapur,16th-century Vijayanagara style temple with hanging pillar,"Architecture study, Photography, Heritage tour",Andhra Pradesh,India,Heritage,Cultural,October to March,Budget,1
Kurnool Belum Caves,Kurnool,Second longest natural cave system in the Indian subcontinent,"Cave exploration, Photography, Stalactite viewing",Andhra Pradesh,India,Cave/Geological,Adventure,October to March,Budget,1
Srisailam Temple and Dam,Nandyal,One of the 12 Jyotirlingas on Krishna River gorge,"Pilgrimage, Boat safari, Wildlife sanctuary, Photography",Andhra Pradesh,India,Temple/Religious,"Spiritual, Adventure",October to March,Moderate,2
Nagarjuna Sagar Dam,Nalgonda,One of the world's largest masonry dams; Nagarjunakonda Buddhist museum island,"Dam viewing, Boat ride, Buddhist heritage, Photography",Andhra Pradesh,India,Heritage,Cultural,October to March,Budget,2
Amaravati Mahachaitya,Guntur,Ancient Buddhist site from 3rd century BC,"Archaeological museum, Heritage walk, Photography",Andhra Pradesh,India,Heritage,Cultural,October to March,Budget,1
Charminar Hyderabad,Hyderabad,Iconic 1591 mosque and monument — symbol of Hyderabad,"Architecture photography, Heritage walk, Laad Bazaar shopping",Telangana,India,Heritage,"Cultural, Photography",October to March,Budget,1
Golconda Fort Hyderabad,Hyderabad,Majestic medieval fort of the Qutb Shahi dynasty with acoustic clapping,"Heritage tour, Light and sound show, Photography",Telangana,India,Heritage,Cultural,October to March,Budget,1
Ramoji Film City,Hyderabad,World's largest film studio complex in the Guinness Book,"Studio tour, Theme park rides, Film set visits",Telangana,India,Sightseeing,"Family, Cultural",Year-round,Premium,2
Hussain Sagar Lake Hyderabad,Hyderabad,16th-century heart-shaped lake with Buddha statue on rock island,"Boating, Buddha statue visit, Marina walk, Photography",Telangana,India,Lake/Water,Leisure,October to March,Budget,1
Salar Jung Museum Hyderabad,Hyderabad,One of the three national museums of India; world's largest one-man collection,"Museum tour, Art viewing, History study",Telangana,India,Heritage,Cultural,Year-round,Budget,1
Bhongir Fort,Yadadri Bhuvanagiri,11th-century monolithic boulder fort with panoramic views,"Trekking, Heritage walk, Photography",Telangana,India,Heritage,"Adventure, Cultural",October to March,Budget,1
Warangal Fort,Warangal,Kakatiya dynasty fort with ornate stone gateways (Kakatiya kala thoranam),"Heritage walk, Architecture photography, History tour",Telangana,India,Heritage,Cultural,October to March,Budget,1
Thousand Pillar Temple Warangal,Warangal,12th-century Kakatiya temple with intricately carved 1000 pillars,"Architecture photography, Heritage tour, Pilgrimage",Telangana,India,Heritage,Cultural,October to March,Budget,1
Nagarjunasagar Wildlife Sanctuary,Nalgonda,Tiger reserve surrounding Nagarjuna Sagar reservoir,"Tiger safari, Crocodile spotting, Bird watching",Telangana,India,Wildlife,"Eco, Adventure",October to March,Moderate,2
Kuntala Falls,Adilabad,Tallest waterfall in Telangana; 147-foot drop in dense forest,"Waterfall viewing, Trekking, Photography",Telangana,India,Waterfall,"Adventure, Eco",July to January,Budget,1
Medak Cathedral,Medak,One of the largest churches in the world by floor area,"Architecture photography, Pilgrimage, Heritage tour",Telangana,India,Heritage,"Cultural, Spiritual",Year-round,Budget,1
Kanha Tiger Reserve,Mandla,India's most pristine tiger reserve; inspiration for Jungle Book,"Tiger safari, Barasingha spotting, Jeep ride, Nature walk",Madhya Pradesh,India,Wildlife,"Eco, Adventure",November to June,Premium,3
Bandhavgarh National Park,Umaria,Highest density of Bengal tigers in the world,"Tiger safari, White tiger history tour, Jeep ride",Madhya Pradesh,India,Wildlife,"Eco, Adventure",October to June,Premium,3
Pachmarhi Hill Station,Hoshangabad,Only hill station in Madhya Pradesh; Satpura's Queen,"Trekking, Waterfalls, Cave paintings, Viewpoints",Madhya Pradesh,India,Mountain/Hill,"Adventure, Eco",October to June,Moderate,3
Sanchi Stupa,Raisen,UNESCO World Heritage — great Buddhist stupa built by Ashoka,"Heritage tour, Archaeological museum, Photography",Madhya Pradesh,India,Heritage,Cultural,October to March,Budget,1
Bhimbetka Rock Shelters,Raisen,"UNESCO World Heritage — Stone Age cave paintings dating 30,000 years","Archaeological tour, Photography, Heritage study",Madhya Pradesh,India,Heritage,Cultural,October to March,Budget,1
Bhopal Upper Lake,Bhopal,One of India's largest man-made lakes; city landmark,"Boating, Photography, Nature walk, Food street",Madhya Pradesh,India,Lake/Water,Leisure,Year-round,Budget,1
Ujjain Mahakaleshwar Temple,Ujjain,One of the 12 Jyotirlingas; Bhasma Aarti with sacred ash,"Pilgrimage, Bhasma Aarti, Ram Ghat walk",Madhya Pradesh,India,Temple/Religious,Spiritual,Year-round,Budget,2
Gwalior Fort,Gwalior,Massive hilltop fort called the Gibraltar of India; Sas-Bahu Temple and Man Mandir,"Heritage tour, Sound and light show, Architecture photography",Madhya Pradesh,India,Heritage,Cultural,October to March,Budget,2
Orchha Heritage Site,Tikamgarh,"Medieval Bundelkhand town with palaces, temples, and cenotaphs","Heritage walk, Boat ride on Betwa, Photography",Madhya Pradesh,India,Heritage,"Cultural, Photography",October to March,Budget,2
Pench National Park,Seoni,Tiger reserve on Madhya Pradesh-Maharashtra border; Jungle Book origins,"Tiger safari, Bird watching, Nature walk",Madhya Pradesh,India,Wildlife,"Eco, Adventure",November to June,Premium,3
Satpura National Park,Hoshangabad,"Unique safari on foot, boat, and jeep in buffer zone","Foot safari, Canoe safari, Jeep ride, Wildlife spotting",Madhya Pradesh,India,Wildlife,"Eco, Adventure",October to June,Premium,3
Mandu (Mandavgad),Dhar,Ruined medieval city with Jahaz Mahal and Rani Roopmati Pavilion,"Heritage walk, Photography, Monsoon romance tour",Madhya Pradesh,India,Heritage,Cultural,July to March,Budget,2
Omkareshwar Jyotirlinga,Khandwa,Island Jyotirlinga on the Narmada River,"Pilgrimage, Boat ride, Temple darshan",Madhya Pradesh,India,Temple/Religious,Spiritual,Year-round,Budget,2
Chitrakote Falls,Bastar,India's widest waterfall — the Niagara of India on Indravati River,"Waterfall photography, Coracle ride, Nature walk",Madhya Pradesh,India,Waterfall,"Adventure, Eco",October to March,Budget,1
Konark Sun Temple,Puri,UNESCO World Heritage — 13th-century Kalinga style chariot-shaped temple dedicated to the Sun God,"Architecture photography, Dance festival, Heritage tour",Odisha,India,Heritage,Cultural,October to March,Budget,1
Jagannath Temple Puri,Puri,One of the Char Dhams; famous for Rath Yatra chariot festival,"Pilgrimage, Rath Yatra, Architecture photography",Odisha,India,Temple/Religious,Spiritual,Year-round,Budget,2
Puri Beach,Puri,Sacred beach near Jagannath Temple — popular with pilgrims and tourists,"Sunrise viewing, Beach walk, Sand art, Local food",Odisha,India,Beach,"Leisure, Spiritual",October to March,Budget,2
Chilika Lake,Khurda,Asia's largest brackish water lagoon; Irrawaddy dolphin habitat,"Dolphin spotting, Bird watching, Boat ride, Kalijai island visit",Odisha,India,Lake/Water,"Eco, Wildlife",October to March,Budget,2
Simlipal National Park,Mayurbhanj,Tiger reserve with waterfalls and dense sal forests,"Tiger safari, Elephant spotting, Trekking, Photography",Odisha,India,Wildlife,"Eco, Adventure",November to June,Premium,3
Bhubaneswar Temple City,Bhubaneswar,City of temples — Lingaraj Temple and 700 ancient temples,"Temple trail, Architecture photography, Pilgrimage",Odisha,India,Heritage,"Spiritual, Cultural",October to March,Budget,2
Udayagiri and Khandagiri Caves,Bhubaneswar,Jain rock-cut caves with royal residences from 1st century BC,"Cave exploration, Heritage tour, Photography",Odisha,India,Heritage,Cultural,October to March,Budget,1
Hirakud Dam,Sambalpur,One of the world's longest earthen dams; sunset point over reservoir,"Dam viewpoint, Boat ride, Bird watching",Odisha,India,Lake/Water,Leisure,October to March,Budget,1
Nalabana Island Chilika,Khurda,Core zone of Chilika Bird Sanctuary for migratory birds,"Bird watching, Boat ride, Photography",Odisha,India,Wildlife,"Eco, Photography",November to January,Budget,1
Barehipani Falls Simlipal,Mayurbhanj,402-meter two-step waterfall; second tallest in India,"Trekking, Photography, Nature walk",Odisha,India,Waterfall,"Eco, Adventure",October to March,Budget,2
Chandipur Beach Odisha,Balasore,Beach where the sea recedes up to 5 km during low tide,"Sunrise viewing, Crab spotting, Sea recede phenomenon",Odisha,India,Beach,"Eco, Photography",October to March,Budget,1
Bhitarkanika Mangroves,Kendrapara,Second largest mangrove ecosystem; home to saltwater crocodiles,"Boat safari, Crocodile spotting, Bird watching, Mangrove walk",Odisha,India,Wildlife,Eco,October to March,Moderate,2
Dhauli Shanti Stupa,Bhubaneswar,Site of Kalinga War; Ashoka's edicts and Japanese-built peace pagoda,"Heritage walk, Peace meditation, Photography",Odisha,India,Heritage,"Cultural, Spiritual",October to March,Budget,1
Rourkela Steel City,Sundargarh,Vedvyas temple at Brahmani-Sankha confluence; Khandadhar Falls nearby,"Heritage visit, Waterfall trek, Photography",Odisha,India,Sightseeing,Cultural,October to March,Budget,1
Raghurajpur Heritage Village,Puri,Village of master Pattachitra artists making traditional palm-leaf paintings,"Art workshop, Craft shopping, Cultural interaction, Photography",Odisha,India,Heritage,Cultural,October to March,Budget,1
Kaziranga National Park,Golaghat,UNESCO World Heritage — two-thirds of world's one-horned rhinoceroses,"Elephant safari, Jeep ride, Rhino spotting, Bird watching",Assam,India,Wildlife,"Eco, Adventure",November to April,Premium,3
Majuli River Island,Jorhat,World's largest river island; Vaishnavite Satras and tribal culture,"Sattra visit, Mask making, Mishing tribe village, Photography",Assam,India,Sightseeing,"Cultural, Eco",October to March,Budget,2
Kamakhya Temple Guwahati,Kamrup Metropolitan,Most important Tantric Shakti Peeth in the world,"Pilgrimage, Ambubachi fair, Photography",Assam,India,Temple/Religious,Spiritual,Year-round,Budget,1
Shillong Peak and Ward's Lake,East Khasi Hills,Scotland of the East hill station with waterfalls and golf course,"Viewpoint photography, Lake walk, Elephant Falls, Shopping",Meghalaya,India,Mountain/Hill,"Leisure, Photography",October to March,Moderate,3
Cherrapunji (Sohra),East Khasi Hills,World record holder for most rainfall; living root bridges,"Root bridge trekking, Waterfall viewing, Photography",Meghalaya,India,Mountain/Hill,"Eco, Adventure",October to June,Moderate,3
Dawki Crystal River,West Jaintia Hills,Crystal-clear Umngot River; transparent water showing riverbed,"Boating, Photography, Bangladesh border view",Meghalaya,India,Lake/Water,"Eco, Photography",October to March,Budget,1
Nohkalikai Falls,East Khasi Hills,"Tallest plunge waterfall in India at 1,115 feet","Waterfall viewing, Photography, Trekking",Meghalaya,India,Waterfall,"Eco, Photography",October to March,Budget,1
Mawlynnong Cleanest Village,East Khasi Hills,Asia's cleanest village with living root bridges and bamboo sky walk,"Village walk, Root bridge visit, Sky walk, Photography",Meghalaya,India,Sightseeing,"Eco, Cultural",October to June,Budget,1
Dzukou Valley Nagaland,Kohima,Valley of Flowers of Northeast India; seasonal rhododendron blooms,"Trekking, Camping, Photography",Nagaland,India,Mountain/Hill,"Eco, Adventure",June to September,Budget,3
Hornbill Festival Kohima,Kohima,Festival of Festivals — 10 Naga tribes celebrate their heritage,"Tribal cultural performances, Handicraft fair, Traditional food, Photography",Nagaland,India,Sightseeing,Cultural,December,Moderate,5
Ziro Valley Arunachal,Lower Subansiri,UNESCO Tentative List — Apatani tribal culture and pine-clad hills,"Tribal village walk, Rice field photography, Trekking",Arunachal Pradesh,India,Mountain/Hill,"Eco, Cultural",March to October,Budget,3
Tawang Monastery,Tawang,Largest Buddhist monastery in India; second largest in the world,"Monastery visit, Photography, Cultural experience, Trekking",Arunachal Pradesh,India,Temple/Religious,"Spiritual, Cultural",March to October,Moderate,3
Sangti Valley Arunachal,Tawang,Secluded valley for migratory bird watching including black-necked cranes,"Bird watching, Photography, Camping",Arunachal Pradesh,India,Wildlife,"Eco, Photography",October to February,Budget,2
Manas National Park,Bongaigaon,"UNESCO World Heritage — Project Tiger, Project Rhino, Project Elephant reserve","Wildlife safari, River rafting, Bird watching",Assam,India,Wildlife,"Eco, Adventure",November to April,Premium,3
Loktak Lake Manipur,Bishnupur,Largest freshwater lake in Northeast India; floating phumdis,"Keibul Lamjao floating sanctuary, Boat ride, Photography",Manipur,India,Lake/Water,"Eco, Wildlife",October to March,Budget,2
Keibul Lamjao National Park,Bishnupur,Only floating national park in the world; Sangai deer habitat,"Wildlife viewing, Boat safari, Photography",Manipur,India,Wildlife,Eco,November to March,Moderate,2
Unakoti Rock Carvings Tripura,Unakoti,9th–10th century rock-cut Shiva and Vishnu bas-reliefs in forest,"Archaeological exploration, Photography, Trekking",Tripura,India,Heritage,"Cultural, Adventure",October to March,Budget,1
Pelling Sikkim,West Sikkim,Views of Kangchenjunga; Pemayangtse Monastery and Rabdentse ruins,"Monastery visit, Ruins exploration, Mountain views, Photography",Sikkim,India,Mountain/Hill,"Spiritual, Cultural, Photography","March to June, October",Moderate,3
Gurudongmar Lake Sikkim,North Sikkim,"One of the highest lakes in the world at 17,800 feet","Lake photography, High altitude camping, Spiritual visit",Sikkim,India,Lake/Water,"Adventure, Photography, Spiritual","May to June, September to November",Moderate,3
Tsomgo Lake Sikkim,East Sikkim,"Sacred glacial lake at 12,313 feet near the Nathu La Pass","Lake photography, Yak ride, Snow activities",Sikkim,India,Lake/Water,"Adventure, Photography","March to June, September to January",Moderate,1
Nathula Pass Indo-China Border,East Sikkim,"Historic Silk Road pass at 14,140 feet open to tourists","Border viewing, Snow photography, Historical exploration",Sikkim,India,Mountain/Hill,"Cultural, Adventure",May to November,Moderate,1
Kanchenjunga Base Camp Trek,West Sikkim,High altitude trek to the base of world's third highest peak,"Multi-day trekking, Camping, Photography",Sikkim,India,Mountain/Hill,Adventure,"April to June, September to November",Premium,10
Dzongu Reserve Sikkim,North Sikkim,Exclusive reserve for the Lepcha indigenous community,"Eco-stay, Tribal culture, Bird watching, Trekking",Sikkim,India,Sightseeing,"Eco, Cultural","April to June, September to November",Moderate,3
Mizoram Phawngpui Blue Mountain,Lawngtlai,"Highest peak in Mizoram at 7,086 feet; National Park","Trekking, Bird watching, Photography, Camping",Mizoram,India,Mountain/Hill,"Eco, Adventure",November to March,Budget,3
Dehing Patkai Rainforest Assam,Dibrugarh,India's largest lowland rainforest; elephant and leopard habitat,"Elephant safari, Bird watching, Jungle trekking",Assam,India,Wildlife,"Eco, Adventure",November to March,Moderate,2
Havelock Island Andaman,South Andaman,Radhanagar Beach — Asia's best beach; pristine tropical island,"Snorkeling, Scuba diving, Beach walk, Radhanagar sunset",Andaman and Nicobar Islands,India,Beach,"Beach, Adventure, Eco",October to May,Premium,5
Cellular Jail Port Blair,South Andaman,Colonial-era prison; Kala Pani — Light and Sound show of India's freedom struggle,"Heritage tour, Light and sound show, Photography",Andaman and Nicobar Islands,India,Heritage,Cultural,October to May,Moderate,2
Neil Island (Shaheed Dweep),South Andaman,Quiet and pristine island with natural rock bridge and coral reefs,"Snorkeling, Cycling, Natural bridge photography, Beach walk",Andaman and Nicobar Islands,India,Beach,"Beach, Eco, Adventure",October to May,Premium,3
Golden Temple Amritsar,Amritsar,Harmandir Sahib — holiest Gurdwara of Sikhism; sacred Golden Temple in sarovar,"Pilgrimage, Langar, Photography, Wagah Border ceremony",Punjab,India,Temple/Religious,"Spiritual, Cultural",October to March,Budget,2
Wagah Border Amritsar,Amritsar,Daily flag-lowering retreat ceremony at the India-Pakistan border,"Retreat ceremony, Photography, Cultural spectacle",Punjab,India,Sightseeing,Cultural,Year-round,Budget,1
Jallianwala Bagh Amritsar,Amritsar,Memorial garden of the 1919 British massacre,"Heritage tour, Museum visit, Photography",Punjab,India,Heritage,Cultural,Year-round,Budget,1
Bodh Gaya Mahabodhi Temple,Gaya,UNESCO World Heritage — site of Buddha's Enlightenment under Bodhi tree,"Pilgrimage, Meditation, Bodhi tree darshan, Photography",Bihar,India,Heritage,"Spiritual, Cultural",October to March,Budget,2
Nalanda University Ruins,Nalanda,UNESCO World Heritage — remains of the ancient world's greatest Buddhist university,"Archaeological tour, Museum, Photography",Bihar,India,Heritage,Cultural,October to March,Budget,1
Vaishali Buddhist Site,Vaishali,Lord Buddha's last sermon site; Ashoka pillar with lion capital,"Heritage walk, Pilgrimage, Photography",Bihar,India,Heritage,"Cultural, Spiritual",October to March,Budget,1
Rajgir Gridhakuta Hill,Nalanda,Buddhist and Jain pilgrimage; hot springs; ropeway to Vishwa Shanti Stupa,"Pilgrimage, Hot spring dip, Ropeway ride, Stupa visit",Bihar,India,Heritage,"Spiritual, Cultural",October to March,Budget,2
Lakshadweep Agatti Island,Lakshadweep,Pristine coral atoll with lagoon; gateway to India's only coral island UT,"Snorkeling, Glass-bottom boat, Scuba diving, Beach walk",Lakshadweep,India,Beach,"Beach, Eco, Adventure",October to May,Luxury,5
Bhutan Royal Kingdom Thimphu,Thimphu,Capital of the Gross National Happiness kingdom,"Dzong visit, Tashichho Dzong, Memorial Chorten, Tiger's Nest approach hike",Bhutan,Bhutan,Heritage,"Spiritual, Cultural",March to November,Premium,5
Netarhat Hill Station Jharkhand,Latehar,Queen of Chotanagpur — sunrise and sunset over hills,"Viewpoint photography, Trekking, Bird watching",Jharkhand,India,Mountain/Hill,"Eco, Leisure",October to March,Budget,2
Deoghar Baidyanath Jyotirlinga,Deoghar,One of the 12 Jyotirlingas; Baba Baidyanath Dham,"Pilgrimage, Temple darshan, Cultural experience",Jharkhand,India,Temple/Religious,Spiritual,Year-round,Budget,1
Betla National Park Jharkhand,Latehar,India's first national park to have tiger reserve in eastern India,"Tiger safari, Wildlife spotting, Trekking",Jharkhand,India,Wildlife,"Eco, Adventure",November to April,Moderate,2
Puri Rath Yatra Festival,Puri,World's largest chariot festival — Lord Jagannath's annual journey,"Festival participation, Cultural experience, Photography",Odisha,India,Temple/Religious,"Spiritual, Cultural",June to July,Budget,3
Mangalore Panambur Beach,Mangaluru,Popular beach with fishing harbour and water sports,"Swimming, Water sports, Beach walk, Seafood",Karnataka,India,Beach,"Beach, Leisure",October to March,Budget,2
Thiruvannamalai Girivalam,Tiruvannamalai,11-km circumambulation of Arunachala hill on full moon nights,"Pilgrimage, Walking meditation, Photography, Cultural experience",Tamil Nadu,India,Temple/Religious,Spiritual,Year-round,Budget,1
Panhala Fort Kolhapur,Kolhapur,Largest fort on the Deccan plateau; Maratha pride,"Heritage walk, Photography, History tour",Maharashtra,India,Heritage,"Cultural, Adventure",October to March,Budget,1
Gandikota Canyon Andhra,Kadapa,Grand Canyon of India — gorge carved by Pennar River through Erramala hills,"Trekking, Photography, Camping, Fort exploration",Andhra Pradesh,India,Mountain/Hill,"Adventure, Photography",October to March,Budget,2
Wat Phra Kaew (Temple of the Emerald Buddha),Bangkok,Most sacred Buddhist temple in Thailand inside the Grand Palace,"Temple visit, Grand Palace tour, Photography",Bangkok,Thailand,Temple/Religious,"Spiritual, Cultural",November to April,Budget,1
Grand Palace Bangkok,Bangkok,Former royal residence; stunning Thai architecture and murals,"Palace tour, Photography, Cultural experience",Bangkok,Thailand,Heritage,"Cultural, Photography",November to April,Moderate,1
Phi Phi Islands,Krabi,Stunning limestone karst islands with emerald waters,"Island hopping, Snorkeling, Diving, Kayaking",Krabi,Thailand,Beach,"Beach, Adventure",November to April,Moderate,3
Doi Inthanon National Park,Chiang Mai,Thailand's highest peak with waterfalls and hill tribe villages,"Trekking, Hill tribe visit, Photography, Birdwatching",Chiang Mai,Thailand,Mountain/Hill,"Eco, Adventure, Cultural",November to April,Budget,2
Ayutthaya Ancient City,Ayutthaya,UNESCO World Heritage — ruins of the ancient Siamese capital,"Heritage cycling tour, Temple ruins, Photography",Ayutthaya,Thailand,Heritage,"Cultural, Photography",November to April,Budget,1
Chiang Mai Night Bazaar,Chiang Mai,"Famous night market with Thai crafts, street food, and cultural shows","Shopping, Street food, Cultural shows, Photography",Chiang Mai,Thailand,Sightseeing,Cultural,November to April,Budget,1
Elephant Nature Park Chiang Mai,Chiang Mai,Ethical elephant sanctuary for rescued animals,"Elephant bathing, Feeding, Photography, Educational tour",Chiang Mai,Thailand,Wildlife,Eco,Year-round,Moderate,1
Railay Beach,Krabi,Isolated beach accessible only by boat; limestone cliffs and caves,"Rock climbing, Kayaking, Beach relaxing, Photography",Krabi,Thailand,Beach,"Beach, Adventure",November to April,Premium,3
Khao Sok National Park,Surat Thani,Ancient rainforest older than the Amazon with limestone towers,"Jungle trekking, Kayaking, Houseboat stay, Wildlife spotting",Surat Thani,Thailand,Wildlife,"Eco, Adventure",December to April,Moderate,3
Phuket Old Town,Phuket,Sino-Portuguese colonial architecture and vibrant street art,"Heritage walk, Street art, Local food, Photography",Phuket,Thailand,Heritage,Cultural,November to April,Moderate,1
Ha Long Bay,Quang Ninh,"UNESCO World Heritage — 2,000 limestone karst islands in emerald waters","Cruise, Kayaking, Cave exploration, Swimming",Quang Ninh,Vietnam,Beach,"Leisure, Adventure, Photography",October to April,Moderate,3
Hoi An Ancient Town,Quang Nam,UNESCO World Heritage — lantern-lit trading port town,"Lantern festival, Heritage walk, Tailoring, Street food",Quang Nam,Vietnam,Heritage,"Cultural, Photography",February to July,Moderate,3
My Son Sanctuary,Quang Nam,UNESCO World Heritage — Hindu Cham temples in the jungle,"Heritage tour, Photography, Historical exploration",Quang Nam,Vietnam,Heritage,Cultural,February to July,Budget,1
Phong Nha Caves,Quang Binh,World's largest cave systems including Son Doong Cave,"Cave expedition, River kayaking, Jungle trekking",Quang Binh,Vietnam,Cave/Geological,Adventure,February to August,Premium,3
Sapa Rice Terraces,Lao Cai,Spectacular hand-carved rice terraces of the Hmong and Dao tribes,"Trekking, Village homestay, Photography, Cultural experience",Lao Cai,Vietnam,Mountain/Hill,"Eco, Cultural, Adventure","September to November, March to May",Moderate,3
Hue Imperial Citadel,Thua Thien Hue,UNESCO World Heritage — complex of Nguyen dynasty royal palaces,"Heritage tour, Photography, Traditional music performance",Thua Thien Hue,Vietnam,Heritage,Cultural,February to July,Budget,2
Mekong Delta,Can Tho,"Vietnam's rice bowl — floating markets, river life, mangroves","Floating market, Boat cruise, Village visit, Local food",Can Tho,Vietnam,Sightseeing,"Cultural, Eco",December to April,Budget,2
Borobudur Temple,Magelang,UNESCO World Heritage — world's largest Buddhist temple; 9th-century stupa,"Temple sunrise visit, Photography, Meditation, Heritage tour",Central Java,Indonesia,Heritage,"Spiritual, Cultural, Photography",April to October,Moderate,2
Bali Tanah Lot Temple,Tabanan,Iconic sea temple on a rock formation — Bali's most photographed site,"Sunset photography, Temple visit, Cultural ceremony",Bali,Indonesia,Temple/Religious,"Spiritual, Photography",April to September,Moderate,1
Ubud Monkey Forest,Gianyar,Sacred forest with 700 Balinese long-tailed macaques and 3 temples,"Monkey spotting, Temple visit, Nature walk",Bali,Indonesia,Wildlife,"Eco, Cultural",April to October,Budget,1
Mount Bromo,Probolinggo,Active volcano with surreal Tengger caldera landscape,"Sunrise trek, Crater rim walk, Jeep ride, Photography",East Java,Indonesia,Mountain/Hill,"Adventure, Photography",April to October,Moderate,2
Komodo National Park,East Nusa Tenggara,UNESCO World Heritage — home of Komodo dragons; pink beach,"Komodo dragon trekking, Snorkeling, Pink beach visit, Diving",East Nusa Tenggara,Indonesia,Wildlife,"Eco, Adventure",April to August,Premium,3
Raja Ampat Islands,West Papua,"World's richest marine biodiversity; 1,500 islands and islets","Scuba diving, Snorkeling, Island hopping, Photography",West Papua,Indonesia,Beach,"Eco, Adventure, Beach",October to April,Premium,7
Prambanan Temple Compound,Yogyakarta,UNESCO World Heritage — magnificent 9th-century Hindu temple compound,"Heritage tour, Photography, Ramayana ballet performance",Yogyakarta,Indonesia,Heritage,Cultural,April to October,Budget,1
Petronas Twin Towers,Kuala Lumpur,World's tallest twin towers with sky bridge at 170m,"Observation deck, Photography, Shopping at KLCC",Kuala Lumpur,Malaysia,Sightseeing,Cultural,June to August,Moderate,1
Cameron Highlands,Pahang,Cool hill station with tea plantations and strawberry farms,"Tea estate tour, Strawberry picking, Jungle trek, Photography",Pahang,Malaysia,Mountain/Hill,"Eco, Leisure",Year-round,Moderate,3
Langkawi Island,Kedah,99-island archipelago with UNESCO Geopark status,"Cable car, Eagle feeding, Island hopping, Beaches",Kedah,Malaysia,Beach,"Beach, Eco, Adventure",November to May,Moderate,4
Gardens by the Bay,Singapore,Futuristic garden with Supertree Grove and domed conservatories,"Supertree walk, Cloud Forest, Flower Dome, Light show",Central Region,Singapore,Garden/Nature,"Leisure, Family",Year-round,Premium,1
Marina Bay Sands,Singapore,Iconic resort with infinity pool overlooking city skyline,"Skypark, Infinity pool, Shopping, Dining, Photography",Central Region,Singapore,Sightseeing,"Leisure, Photography",Year-round,Luxury,1
Sentosa Island,Singapore,"Resort island with Universal Studios, beaches, and cable car","Universal Studios, Beach, Cable car, Water sports",Central Region,Singapore,Theme Park,"Family, Adventure",Year-round,Premium,2
Angkor Wat,Siem Reap,Largest religious monument in the world; 12th-century Khmer temple,"Sunrise photography, Temple exploration, Heritage tour",Siem Reap,Cambodia,Heritage,"Cultural, Photography",November to March,Moderate,3
Bayon Temple Angkor Thom,Siem Reap,12th-century temple with 216 giant stone faces,"Architecture photography, Heritage tour, Cultural exploration",Siem Reap,Cambodia,Heritage,Cultural,November to March,Budget,1
Tonle Sap Floating Village,Siem Reap,Largest freshwater lake in SE Asia; floating communities,"Boat tour, Cultural experience, Photography",Siem Reap,Cambodia,Sightseeing,"Cultural, Eco",November to May,Budget,1
Chocolate Hills Bohol,Bohol,"1,268 uniquely shaped cone hills that turn brown in summer","ATV ride, Photography, Tarsier sanctuary visit",Bohol,Philippines,Mountain/Hill,"Photography, Eco",December to May,Budget,2
El Nido Palawan,Palawan,Dramatic limestone cliffs and pristine turquoise lagoons,"Island hopping, Snorkeling, Kayaking, Cliff diving",Palawan,Philippines,Beach,"Beach, Adventure, Photography",November to May,Moderate,5
Tubbataha Reef National Park,Palawan,UNESCO World Heritage — remote coral atoll with spectacular biodiversity,"Liveaboard diving, Marine wildlife, Photography",Palawan,Philippines,Wildlife,"Eco, Adventure",March to June,Luxury,5
Mayon Volcano Legazpi,Albay,World's most perfect volcanic cone,"ATV lava trail, Photography, City views",Albay,Philippines,Mountain/Hill,"Adventure, Photography",December to May,Budget,2
Bagan Temples,Mandalay Region,"2,000 ancient Buddhist temples spread across Bagan Plains","Hot air balloon, Bicycle temple tour, Sunrise photography",Mandalay Region,Myanmar,Heritage,"Cultural, Photography, Spiritual",November to February,Moderate,3
Inle Lake,Shan State,Serene lake with leg-rowing fishermen and floating gardens,"Boat tour, Monastery visit, Floating garden, Photography",Shan State,Myanmar,Lake/Water,"Cultural, Eco, Photography",November to February,Moderate,3
Mount Fuji,Shizuoka,"Japan's highest peak (3,776m) and national symbol","Climbing (July-Aug), Photography, Lake Kawaguchi views, Cultural experience",Shizuoka,Japan,Mountain/Hill,"Adventure, Photography, Cultural",March to November,Moderate,2
Kyoto Kinkaku-ji (Golden Pavilion),Kyoto,Zen Buddhist temple covered in gold leaf reflecting in a pond,"Photography, Tea ceremony, Heritage walk",Kyoto,Japan,Temple/Religious,"Spiritual, Photography, Cultural",March to November,Moderate,1
Kyoto Arashiyama Bamboo Grove,Kyoto,Towering bamboo forest path leading to Tenryu-ji temple,"Photography, Temple visit, Rickshaw ride, Monkey park",Kyoto,Japan,Garden/Nature,"Photography, Cultural",March to November,Moderate,1
Hiroshima Peace Memorial Park,Hiroshima,Memorial to the atomic bomb victims; UNESCO-listed A-Bomb Dome,"Peace museum, Heritage walk, Orizuru origami folding, Photography",Hiroshima,Japan,Heritage,Cultural,Year-round,Budget,2
Nara Deer Park,Nara,Free-roaming sacred deer at Todai-ji temple with giant Buddha,"Deer feeding, Great Buddha darshan, Photography",Nara,Japan,Wildlife,"Cultural, Family",March to November,Budget,1
Tokyo Senso-ji Temple Asakusa,Tokyo,Tokyo's oldest temple with Nakamise shopping street,"Temple visit, Shopping, Street food, Photography",Tokyo,Japan,Temple/Religious,Cultural,March to November,Moderate,1
Hakone Onsen and Mount Fuji Views,Kanagawa,Hot spring resort town with iconic views of Mount Fuji,"Onsen bathing, Ropeway ride, Open air museum, Photography",Kanagawa,Japan,Mountain/Hill,"Leisure, Photography",March to November,Premium,2
Tokyo DisneySea,Tokyo,World's most unique Disney theme park,"Themed world exploration, Shows, Rides, Photography",Tokyo,Japan,Theme Park,Family,Year-round,Premium,1
Osaka Dotonbori,Osaka,Vibrant entertainment district with neon lights and street food,"Street food (Takoyaki, Okonomiyaki), Nightlife, Photography",Osaka,Japan,Sightseeing,Cultural,Year-round,Moderate,1
Osaka Castle,Osaka,Iconic 16th-century castle with panoramic views from top floor,"Castle museum, Cherry blossom viewing, Photography",Osaka,Japan,Heritage,Cultural,March to November,Budget,1
Nikko Tosho-gu Shrine,Tochigi,UNESCO World Heritage — elaborate shrine complex in mountain forests,"Shrine tour, Photography, Hiking, Nature walks",Tochigi,Japan,Heritage,"Cultural, Photography",April to November,Moderate,2
Miyajima Island Itsukushima,Hiroshima,Floating torii gate of Itsukushima shrine at high tide,"Torii photography, Shrine visit, Deer feeding, Ropeway",Hiroshima,Japan,Temple/Religious,"Spiritual, Photography",April to November,Moderate,1
Gyeongbokgung Palace Seoul,Seoul,Grand 14th-century Joseon dynasty palace in the heart of Seoul,"Palace tour, Changing of the guard, Photography, Hanbok wearing",Seoul,South Korea,Heritage,"Cultural, Photography",March to November,Budget,1
Jeju Island Hallasan,Jeju,"Volcanic island with Hallasan Mountain, lava tubes, and beaches","Hiking, Lava tube exploration, Beach visit, Photography",Jeju,South Korea,Mountain/Hill,"Eco, Adventure, Leisure",April to October,Moderate,4
Bulguksa Temple Gyeongju,Gyeongju,UNESCO World Heritage — 8th-century Silla dynasty Buddhist temple,"Temple tour, Photography, Heritage walk",Gyeongju,South Korea,Heritage,"Cultural, Spiritual",March to November,Budget,1
Banpo Bridge Rainbow Fountain Seoul,Seoul,World's longest bridge fountain on the Han River,"Evening fountain show, Bridge walk, Photography, River cruise",Seoul,South Korea,Sightseeing,Leisure,April to October,Budget,1
N Seoul Tower (Namsan Tower),Seoul,Iconic tower on Namsan Mountain with city panoramas,"Tower observation, Cable car, Love lock tradition, Photography",Seoul,South Korea,Sightseeing,"Leisure, Photography",Year-round,Moderate,1
Great Wall of China — Mutianyu Section,Beijing,Best-preserved section of the iconic Great Wall,"Wall trek, Cable car, Toboggan descent, Photography",Beijing,China,Heritage,"Cultural, Adventure, Photography",April to October,Moderate,1
Forbidden City Beijing,Beijing,UNESCO World Heritage — 15th-century imperial palace of Ming and Qing dynasties,"Palace museum tour, Photography, History study",Beijing,China,Heritage,Cultural,April to October,Moderate,1
Guilin Li River Cruise,Guangxi,Iconic karst mountain landscape along the Li River,"River cruise, Photography, Yangshuo cycling, Village visit",Guangxi,China,Mountain/Hill,"Photography, Leisure",April to October,Moderate,2
Zhangjiajie Glass Bridge and Tianmen Mountain,Hunan,Inspiration for Avatar's floating mountains; world's longest glass bridge,"Glass bridge walk, Cable car, Trekking, Photography",Hunan,China,Mountain/Hill,"Adventure, Photography",April to October,Moderate,3
Yellow Mountain (Huangshan),Anhui,UNESCO World Heritage — granite peaks in sea of clouds; ancient pines,"Trekking, Photography, Cable car, Sunrise viewing",Anhui,China,Mountain/Hill,"Adventure, Photography",April to October,Moderate,3
Terracotta Army Xian,Shaanxi,"8,000 terracotta soldiers buried with Emperor Qin Shi Huang (210 BC)","Museum tour, Photography, History study",Shaanxi,China,Heritage,Cultural,Year-round,Moderate,1
Everest Base Camp Trek,Solukhumbu,"Trek to base camp of world's highest mountain (8,849m)","Multi-day trekking, Camping, Photography, Sherpa culture",Sagarmatha,Nepal,Mountain/Hill,Adventure,"March to May, September to November",Premium,16
Annapurna Circuit Trek,Gandaki,Classic Himalayan circuit trek with high passes and diverse landscapes,"Multi-day trekking, Camping, Village stays, Photography",Gandaki,Nepal,Mountain/Hill,"Adventure, Cultural","March to May, September to November",Moderate,14
Kathmandu Durbar Square,Kathmandu,UNESCO World Heritage — royal palace square with temples and courtyards,"Heritage walk, Photography, Cultural experience",Bagmati,Nepal,Heritage,Cultural,October to May,Budget,1
Pokhara Phewa Lake,Pokhara,Tranquil lake with reflection of Annapurna massif,"Boating, Paragliding, Peace Stupa trek, Photography",Gandaki,Nepal,Lake/Water,"Leisure, Adventure, Photography",October to May,Budget,3
Lumbini Buddha's Birthplace,Rupandehi,UNESCO World Heritage — birthplace of Gautama Buddha,"Pilgrimage, Maya Devi Temple, Meditation, Photography",Lumbini,Nepal,Heritage,"Spiritual, Cultural",October to March,Budget,2
Chitwan National Park,Chitwan,UNESCO World Heritage — one-horned rhino and Bengal tiger habitat,"Jungle safari, Elephant ride, Canoe ride, Bird watching",Bagmati,Nepal,Wildlife,"Eco, Adventure",October to March,Moderate,3
Bhaktapur Durbar Square,Bhaktapur,UNESCO World Heritage — best-preserved medieval city in Nepal,"Heritage walk, Pottery square, Photography, Local food",Bagmati,Nepal,Heritage,Cultural,October to May,Budget,1
Swayambhunath Stupa (Monkey Temple),Kathmandu,Ancient Buddhist stupa overlooking Kathmandu valley,"Stupa visit, Monkey watching, Sunrise photography, Cultural experience",Bagmati,Nepal,Temple/Religious,Spiritual,Year-round,Budget,1
Sigiriya Rock Fortress,Matale,UNESCO World Heritage — 5th-century royal rock citadel with frescoes,"Rock climbing, Frescoes viewing, Photography, Heritage tour",Central Province,Sri Lanka,Heritage,"Cultural, Adventure",December to April,Moderate,2
Kandy Temple of the Tooth,Kandy,UNESCO-listed sacred Buddhist temple housing Buddha's tooth relic,"Pilgrimage, Temple darshan, Kandy dance performance, Photography",Central Province,Sri Lanka,Temple/Religious,"Spiritual, Cultural",December to April,Moderate,2
Ella Nine Arch Bridge,Badulla,Iconic colonial-era arched railway viaduct through jungle,"Photography, Train spotting, Trekking, Tea estate visit",Uva Province,Sri Lanka,Heritage,"Photography, Eco",December to April,Budget,1
Yala National Park,Hambantota,Sri Lanka's most visited park; highest leopard density in the world,"Leopard safari, Elephant spotting, Bird watching, Photography",Southern Province,Sri Lanka,Wildlife,"Eco, Adventure",February to July,Premium,3
Mirissa Whale Watching,Matara,Best place in Asia for blue whale watching from December to April,"Whale watching cruise, Dolphin spotting, Beach relaxing",Southern Province,Sri Lanka,Wildlife,Eco,December to April,Moderate,1
Galle Fort,Galle,UNESCO World Heritage — Dutch colonial fortified city with ramparts,"Heritage walk, Photography, Boutique shopping, Sunset",Southern Province,Sri Lanka,Heritage,"Cultural, Photography",December to April,Moderate,2
North Male Atoll,Male,"Crystal-clear lagoon, pristine beaches, and underwater life","Snorkeling, Diving, Beach relaxing, Water villa stay",North Male Atoll,Maldives,Beach,"Beach, Leisure",December to April,Luxury,5
Rangali Island (Conrad Maldives),Alifu Dhaalu,World-famous underwater restaurant and over-water villas,"Luxury resort stay, Underwater dining, Snorkeling, Diving",Alifu Dhaalu,Maldives,Beach,Leisure,December to April,Luxury,5
Tiger's Nest Monastery Paro,Paro,"Taktsang Monastery clinging to a sheer cliff at 3,120 meters","Trekking, Monastery visit, Photography, Spiritual experience",Paro,Bhutan,Temple/Religious,"Spiritual, Adventure","March to May, September to November",Premium,2
Punakha Dzong,Punakha,Most beautiful dzong in Bhutan; white-washed fortress at river confluence,"Photography, Heritage walk, Monastery visit, Festival viewing",Punakha,Bhutan,Heritage,"Cultural, Photography",March to November,Moderate,1
Burj Khalifa Dubai,Dubai,World's tallest building (828m) with observation decks,"Observation deck (124th/148th floor), Photography, Night views",Dubai,UAE,Sightseeing,"Photography, Cultural",October to April,Premium,1
Dubai Mall,Dubai,World's largest shopping and entertainment complex,"Shopping, Dubai Aquarium, Ice rink, Fountain show",Dubai,UAE,Shopping,"Leisure, Family",Year-round,Premium,1
Palm Jumeirah,Dubai,World's largest artificial archipelago shaped like a palm tree,"Beach resort, Water sports, Monorail, Photography",Dubai,UAE,Beach,Leisure,October to April,Luxury,3
Dubai Desert Safari,Dubai,Barchans sand dune bashing with Bedouin camp dinner,"Dune bashing, Camel ride, Falcon photography, Belly dance show",Dubai,UAE,Sightseeing,"Adventure, Cultural",October to April,Moderate,1
Abu Dhabi Sheikh Zayed Grand Mosque,Abu Dhabi,One of the largest mosques in the world; 82 domes and 24-carat gold chandelier,"Architecture photography, Spiritual visit, Guided tour",Abu Dhabi,UAE,Temple/Religious,"Cultural, Photography",Year-round,Budget,1
Louvre Abu Dhabi,Abu Dhabi,Universal museum bridging Eastern and Western cultures under a UFO dome,"Art museum, Architecture photography, Cultural experience",Abu Dhabi,UAE,Heritage,Cultural,Year-round,Moderate,1
Cappadocia,Nevsehir,Unique fairy chimney rock formations with cave hotels and hot air balloons,"Hot air balloon, Cave church exploration, Underground city, Photography",Nevsehir,Turkey,Mountain/Hill,"Adventure, Photography, Cultural","April to June, September to November",Premium,4
Hagia Sophia Istanbul,Istanbul,UNESCO World Heritage — 537 AD Byzantine cathedral turned mosque,"Architecture photography, Religious visit, History tour",Istanbul,Turkey,Heritage,"Cultural, Spiritual, Photography",April to October,Budget,1
Pamukkale Cotton Castle,Denizli,UNESCO World Heritage — white calcium terraces and thermal pools,"Thermal pool dip, Photography, Hierapolis ruins",Denizli,Turkey,Sightseeing,"Leisure, Photography",April to October,Budget,2
Ephesus Ancient City,Izmir,UNESCO World Heritage — one of the best-preserved classical cities in the Mediterranean,"Archaeological walk, Photography, Library of Celsus",Izmir,Turkey,Heritage,Cultural,April to October,Moderate,1
Topkapi Palace Istanbul,Istanbul,Grand palace of Ottoman sultans; treasury with legendary diamonds,"Palace tour, Museum, Photography, Harem visit",Istanbul,Turkey,Heritage,Cultural,April to October,Moderate,1
Blue Mosque Istanbul,Istanbul,"Majestic 17th-century mosque with six minarets and 20,000 Iznik tiles","Religious visit, Photography, Architecture study",Istanbul,Turkey,Temple/Religious,"Spiritual, Cultural",Year-round,Budget,1
Bodrum Castle and Mausoleum,Mugla,Crusader castle museum and site of the ancient Mausoleum at Halicarnassus,"Heritage tour, Photography, Beach, Nightlife",Mugla,Turkey,Heritage,"Cultural, Beach",April to October,Moderate,2
Petra Ancient City,Ma'an,UNESCO World Heritage — rose-red Nabataean rock-cut city,"Siq walk, Treasury photography, Monastery trek, Heritage tour",Ma'an,Jordan,Heritage,"Cultural, Adventure, Photography","March to May, September to November",Moderate,3
Wadi Rum Valley,Aqaba,UNESCO World Heritage — vast sandstone valley and desert landscape,"Jeep safari, Rock climbing, Bedouin camp, Stargazing",Aqaba,Jordan,Mountain/Hill,"Adventure, Photography","March to May, September to November",Moderate,2
Dead Sea Jordan,Madaba,World's lowest point (430m below sea level); hyper-saline lake,"Salt lake floating, Mud spa, Photography, Resort stay",Madaba,Jordan,Lake/Water,Leisure,Year-round,Premium,2
Jerusalem Old City,Jerusalem,"UNESCO World Heritage — four quarters including Western Wall, Church of Holy Sepulchre, Al-Aqsa Mosque","Pilgrimage, Heritage walk, Photography, Cultural experience",Jerusalem District,Israel,Heritage,"Spiritual, Cultural","March to May, September to November",Moderate,3
Muscat Mutrah Souq,Muscat,"Oldest souq in Oman with frankincense, silver, and traditional wares","Souq walk, Cultural experience, Photography, Frankincense buying",Muscat,Oman,Heritage,Cultural,October to April,Budget,1
Wahiba Sands Desert Oman,Al Sharqiyah,Orange sand dunes stretching 180km with Bedouin camps,"Dune bashing, Camel safari, Bedouin camp stay, Stargazing",Al Sharqiyah,Oman,Sightseeing,"Adventure, Cultural",October to April,Moderate,2
Wadi Shab Oman,Ash Sharqiyah,Dramatic canyon with turquoise pools and waterfall cave,"Swimming, Trekking, Cave swimming, Photography",Ash Sharqiyah,Oman,Mountain/Hill,"Adventure, Eco",October to April,Budget,1
Museum of Islamic Art Doha,Doha,"I.M. Pei-designed museum with 1,400 years of Islamic art","Museum tour, Photography, Cultural experience",Ad Dawhah,Qatar,Heritage,Cultural,October to April,Budget,1
Katara Cultural Village Doha,Doha,"Cultural complex with amphitheatre, galleries, and beaches","Cultural events, Photography, Dining, Beach walk",Ad Dawhah,Qatar,Sightseeing,"Cultural, Leisure",October to April,Moderate,1
Eiffel Tower Paris,Paris,Wrought-iron lattice tower — world's most visited paid monument,"Observation deck, Night light show, Photography, Seine cruise",Ile-de-France,France,Sightseeing,"Cultural, Photography","April to June, September",Moderate,1
Louvre Museum Paris,Paris,World's largest art museum; Mona Lisa and Venus de Milo,"Museum tour, Mona Lisa viewing, Photography",Ile-de-France,France,Heritage,Cultural,Year-round,Moderate,1
Mont Saint-Michel,Normandy,UNESCO World Heritage — tidal island abbey off Normandy coast,"Abbey tour, Photography, Tidal causeway walk",Normandy,France,Heritage,"Cultural, Photography",April to October,Moderate,1
Palace of Versailles,Ile-de-France,UNESCO World Heritage — opulent royal palace with Hall of Mirrors and gardens,"Palace tour, Garden walk, Photography",Ile-de-France,France,Heritage,Cultural,April to October,Moderate,1
French Riviera (Cote d'Azur),Nice,Glamorous Mediterranean coastline with beaches and hilltop villages,"Beach, Yacht, Village walk, Photography",Provence,France,Beach,"Leisure, Luxury",June to September,Luxury,5
Chamonix Mont Blanc,Haute-Savoie,Base for Europe's highest peak; skiing and mountaineering,"Skiing, Cable car (Aiguille du Midi), Ice mer de glace, Photography",Auvergne,France,Mountain/Hill,Adventure,"December to March, June to September",Premium,5
Bordeaux Wine Region,Gironde,UNESCO-listed wine capital of the world; Medoc vineyards,"Wine tasting, Vineyard tour, Heritage walk, Cycling",Nouvelle-Aquitaine,France,Sightseeing,"Cultural, Leisure",April to October,Premium,3
Alsace Wine Route,Bas-Rhin,Picturesque route through medieval alsatian villages and vineyards,"Wine tasting, Village walk, Cycling, Photography",Grand Est,France,Sightseeing,Cultural,April to October,Moderate,3
Colosseum Rome,Rome,"UNESCO World Heritage — 70,000-capacity ancient Roman amphitheatre","Guided heritage tour, Photography, Gladiator history",Lazio,Italy,Heritage,Cultural,"March to May, September to November",Moderate,1
Vatican Museums and St. Peter's Basilica,Vatican City,World's largest art collection; Michelangelo's Sistine Chapel ceiling,"Museum tour, Sistine Chapel, St. Peter's Basilica, Photography",Vatican City,Vatican City,Heritage,"Cultural, Spiritual","March to May, September to November",Moderate,1
Venice Grand Canal,Venice,UNESCO World Heritage — lagoon city built on 118 small islands,"Gondola ride, Vaporetto, Piazza San Marco, Photography",Veneto,Italy,Heritage,"Cultural, Leisure, Photography","April to June, September to October",Premium,4
Florence Cathedral (Duomo),Florence,UNESCO World Heritage — Brunelleschi's dome and Giotto's Campanile,"Dome climbing, Cathedral visit, Photography",Tuscany,Italy,Heritage,"Cultural, Photography",April to October,Moderate,1
Amalfi Coast,Salerno,UNESCO World Heritage — dramatic coastal road with cliffside villages,"Scenic drive, Boat trip, Beach, Lemon grove walk, Photography",Campania,Italy,Beach,"Leisure, Photography",April to October,Premium,4
Cinque Terre,La Spezia,UNESCO World Heritage — five colorful fishing villages on cliffs above the sea,"Coastal trekking, Photography, Village walk, Swimming",Liguria,Italy,Beach,"Eco, Adventure, Photography",April to October,Moderate,3
Pompeii and Herculaneum,Naples,UNESCO World Heritage — ancient cities preserved by the 79 AD Vesuvius eruption,"Archaeological tour, Photography, History study",Campania,Italy,Heritage,Cultural,March to November,Moderate,1
Dolomites South Tyrol,Bolzano,UNESCO World Heritage — dramatic jagged mountain range for skiing and hiking,"Hiking, Skiing, Via ferrata, Photography",Trentino-South Tyrol,Italy,Mountain/Hill,"Adventure, Photography","June to September, December to March",Moderate,5
Uffizi Gallery Florence,Florence,World-class art museum housing Botticelli's Birth of Venus,"Art museum, Photography, Cultural experience",Tuscany,Italy,Heritage,Cultural,Year-round,Moderate,1
Sagrada Familia Barcelona,Barcelona,UNESCO World Heritage — Gaudi's unfinished Modernist masterpiece basilica,"Architecture photography, Interior tour, Tower climb",Catalonia,Spain,Heritage,"Cultural, Photography",Year-round,Moderate,1
Alhambra Granada,Granada,UNESCO World Heritage — Nasrid palace with exquisite Islamic architecture,"Palace tour, Generalife gardens, Photography",Andalusia,Spain,Heritage,"Cultural, Photography","March to June, September to October",Moderate,2
Camino de Santiago,Galicia,UNESCO-listed pilgrimage route to Santiago de Compostela cathedral,"Pilgrimage trekking, Cultural experience, Photography",Galicia,Spain,Mountain/Hill,"Spiritual, Adventure","April to June, September",Budget,30
Park Guell Barcelona,Barcelona,UNESCO World Heritage — Gaudi's mosaic-covered hilltop park,"Photography, Architecture appreciation, City views",Catalonia,Spain,Garden/Nature,Photography,Year-round,Moderate,1
Flamenco Show Seville,Seville,Birthplace of flamenco — passionate Andalusian dance and music,"Flamenco show, Tapas, Barrio Santa Cruz walk",Andalusia,Spain,Sightseeing,Cultural,Year-round,Moderate,1
Sagrada Familia by Night,Barcelona,Illuminated exterior of Gaudi's masterpiece after dark,"Nighttime photography, Architecture appreciation",Catalonia,Spain,Heritage,Photography,Year-round,Budget,1
Prado Museum Madrid,Madrid,Spain's national art museum with Goya and Velazquez masterpieces,"Art museum, Cultural experience, Photography",Community of Madrid,Spain,Heritage,Cultural,Year-round,Moderate,1
Toledo Medieval City,Castilla-La Mancha,UNESCO World Heritage — walled city with El Greco's paintings,"Heritage walk, Photography, Cathedral visit",Castilla-La Mancha,Spain,Heritage,Cultural,March to November,Budget,1
Buckingham Palace London,London,Official residence of the British monarch,"Changing of the guard, Photography, State rooms tour",England,United Kingdom,Heritage,Cultural,April to October,Moderate,1
Stonehenge,Wiltshire,"UNESCO World Heritage — 5,000-year-old prehistoric stone circle","Heritage tour, Photography, Visitor centre",England,United Kingdom,Heritage,Cultural,Year-round,Budget,1
Edinburgh Castle,Edinburgh,Medieval castle on volcanic rock at the heart of Edinburgh,"Heritage tour, Photography, Crown Jewels viewing",Scotland,United Kingdom,Heritage,Cultural,Year-round,Moderate,1
Lake District National Park,Cumbria,UNESCO World Heritage — England's largest national park; Wordsworth's inspiration,"Hiking, Boating, Photography, Cottage stay",England,United Kingdom,Mountain/Hill,"Eco, Adventure, Leisure",May to September,Moderate,4
Tower of London,London,"UNESCO World Heritage — fortress, palace, and prison; Crown Jewels","Heritage tour, Crown Jewels, Photography",England,United Kingdom,Heritage,Cultural,Year-round,Moderate,1
Scottish Highlands,Inverness,"Dramatic highland landscape with lochs, glens, and castles","Hiking, Loch Ness cruise, Castle visits, Photography",Scotland,United Kingdom,Mountain/Hill,"Eco, Adventure, Cultural",May to September,Moderate,5
Neuschwanstein Castle,Bavaria,Fairy-tale 19th-century castle that inspired Sleeping Beauty's castle,"Castle tour, Photography, Hiking, Alpine views",Bavaria,Germany,Heritage,"Cultural, Photography",April to October,Moderate,1
Cologne Cathedral,Cologne,UNESCO World Heritage — Gothic masterpiece with twin spires,"Architecture photography, Cathedral visit, Cultural experience",North Rhine-Westphalia,Germany,Heritage,Cultural,Year-round,Budget,1
Bavarian Alps Zugspitze,Garmisch-Partenkirchen,"Germany's highest peak (2,962m) with glacier","Cable car, Skiing, Glacier walk, Photography",Bavaria,Germany,Mountain/Hill,Adventure,Year-round,Premium,2
Berlin Brandenburg Gate,Berlin,18th-century neoclassical monument — symbol of German reunification,"Photography, History walk, Cultural experience",Berlin,Germany,Heritage,Cultural,Year-round,Budget,1
Black Forest,Baden-Wurttemberg,"Dense forest with cuckoo clocks, waterfalls, and traditional villages","Hiking, Cycling, Black Forest cake tasting, Photography",Baden-Wurttemberg,Germany,Mountain/Hill,"Eco, Leisure, Cultural",April to October,Moderate,4
Jungfraujoch Top of Europe,Grindelwald,"Europe's highest railway station at 3,454m; eternal snow and glacier","Train ride, Snow activities, Ice Palace, Photography",Bern,Switzerland,Mountain/Hill,"Adventure, Photography",Year-round,Premium,2
Interlaken Adventure Hub,Bern,Switzerland's adventure capital between Lakes Thun and Brienz,"Paragliding, Skydiving, Bungee jumping, River rafting",Bern,Switzerland,Mountain/Hill,Adventure,May to October,Premium,3
Lake Geneva Lausanne,Vaud,Beautiful crescent-shaped lake with the Alps as backdrop,"Lake cruise, Vineyard walk, Photography, Water sports",Vaud,Switzerland,Lake/Water,"Leisure, Photography",April to October,Moderate,3
Matterhorn Zermatt,Valais,"Iconic pyramid-shaped mountain (4,478m) towering over Zermatt","Skiing, Hiking, Gornergrat railway, Photography",Valais,Switzerland,Mountain/Hill,"Adventure, Photography","June to September, December to March",Luxury,4
Chillon Castle Lake Geneva,Vaud,Medieval island castle on Lake Geneva immortalized by Byron,"Heritage tour, Photography, Boat ride",Vaud,Switzerland,Heritage,"Cultural, Photography",March to November,Budget,1
Acropolis of Athens,Athens,UNESCO World Heritage — 5th-century BC Parthenon and Athenian monuments,"Heritage tour, Photography, Acropolis museum",Attica,Greece,Heritage,Cultural,"April to June, September to October",Moderate,1
Santorini Caldera,Cyclades,Iconic white and blue domed churches overlooking volcanic caldera,"Sunset photography, Sailing, Wine tasting, Village walk",South Aegean,Greece,Sightseeing,"Leisure, Photography",April to October,Premium,4
Meteora Monasteries,Thessaly,UNESCO World Heritage — monasteries perched atop dramatic rock pillars,"Monastery visit, Photography, Rock climbing",Thessaly,Greece,Heritage,"Cultural, Spiritual, Photography",April to October,Moderate,2
Delphi Oracle Site,Central Greece,UNESCO World Heritage — seat of the ancient Oracle of Apollo,"Archaeological tour, Photography, History study, Mountain views",Central Greece,Greece,Heritage,Cultural,April to October,Budget,1
Mykonos Island,Cyclades,"Windmills, Little Venice, and vibrant cosmopolitan nightlife","Beach, Nightlife, Photography, Shopping",South Aegean,Greece,Beach,"Leisure, Beach",May to October,Premium,4
Pena Palace Sintra,Lisbon,UNESCO World Heritage — colorful Romanticist palace on wooded hill,"Photography, Heritage walk, Palace tour",Lisbon District,Portugal,Heritage,"Cultural, Photography",April to October,Moderate,1
Douro Valley Vineyards,Vila Real,UNESCO World Heritage — terraced vineyards on Douro River slopes; Port wine,"Wine tasting, Boat cruise, Vineyard tour, Photography",Norte,Portugal,Sightseeing,"Cultural, Leisure",April to October,Moderate,3
Belem Tower Lisbon,Lisbon,UNESCO World Heritage — 16th-century tower guarding Tagus river entrance,"Photography, Heritage tour, History study",Lisbon District,Portugal,Heritage,Cultural,Year-round,Budget,1
Amsterdam Canal Ring,Amsterdam,UNESCO World Heritage — 17th-century canal system with gabled houses,"Boat cruise, Cycling, Photography, Museum hopping",North Holland,Netherlands,Heritage,Cultural,April to September,Moderate,3
Keukenhof Gardens,South Holland,World's largest flower garden with 7 million tulips in bloom,"Flower photography, Garden walk, Cultural experience",South Holland,Netherlands,Garden/Nature,"Photography, Leisure",March to May,Moderate,1
Van Gogh Museum Amsterdam,Amsterdam,World's largest collection of Vincent van Gogh's paintings,"Art museum, Cultural experience, Photography",North Holland,Netherlands,Heritage,Cultural,Year-round,Moderate,1
Schonbrunn Palace Vienna,Vienna,UNESCO World Heritage — Habsburg imperial summer palace,"Palace tour, Gardens, Photography",Vienna,Austria,Heritage,Cultural,Year-round,Moderate,1
Hallstatt Village,Upper Austria,UNESCO World Heritage — picture-perfect lakeside Alpine village,"Photography, Lake cruise, Salt mine tour, Village walk",Upper Austria,Austria,Mountain/Hill,"Photography, Cultural, Leisure",April to October,Moderate,2
Norwegian Fjords (Geirangerfjord),More og Romsdal,UNESCO World Heritage — dramatic glacier-carved fjord with waterfalls,"Fjord cruise, Hiking, Kayaking, Photography",More og Romsdal,Norway,Mountain/Hill,"Eco, Adventure, Photography",May to September,Premium,4
Northern Lights Tromso,Troms og Finnmark,Best place in mainland Europe for aurora borealis viewing,"Aurora hunting, Dog sledding, Husky ride, Photography",Troms og Finnmark,Norway,Sightseeing,"Adventure, Photography",September to March,Premium,4
Lofoten Islands,Nordland,"Dramatic archipelago with fishing villages, mountains, and white beaches","Fishing, Hiking, Photography, Midnight sun",Nordland,Norway,Mountain/Hill,"Eco, Adventure, Photography","June to September, October to March",Moderate,5
Northern Lights Iceland,South Iceland,Magical natural light display over geothermal landscapes,"Aurora photography, Hot spring bathing, Dog sledding",South Iceland,Iceland,Sightseeing,"Photography, Adventure",September to April,Premium,5
Blue Lagoon Iceland,Reykjanes,Geothermal spa set in a lava field; iconic turquoise silica water,"Spa bathing, Photography, Relaxation",Reykjanes,Iceland,Sightseeing,Leisure,Year-round,Premium,1
Waterfalls and Golden Circle Iceland,South Iceland,"Geysir, Gullfoss waterfall, and Thingvellir national park","Geyser watching, Waterfall photography, Snorkeling between tectonic plates",South Iceland,Iceland,Sightseeing,"Adventure, Photography, Eco",June to September,Premium,2
Vatnajokull Glacier Iceland,East Iceland,Europe's largest glacier with ice cave tours,"Ice cave exploration, Glacier hiking, Photography",East Iceland,Iceland,Mountain/Hill,"Adventure, Photography",Year-round,Premium,2
ABBA Museum Stockholm,Stockholm,Interactive museum dedicated to ABBA and Swedish music culture,"Museum tour, Music experience, Photography",Stockholm,Sweden,Sightseeing,Cultural,Year-round,Budget,1
Gamla Stan (Old Town) Stockholm,Stockholm,13th-century medieval city center with cobblestone alleys and palaces,"Heritage walk, Photography, Shopping, Royal Palace",Stockholm,Sweden,Heritage,Cultural,Year-round,Moderate,1
Prague Castle and Charles Bridge,Prague,UNESCO World Heritage — medieval castle complex and iconic Gothic bridge,"Heritage walk, Photography, Castle tour, Astronomical Clock",Prague,Czech Republic,Heritage,"Cultural, Photography",April to October,Moderate,3
Cesky Krumlov Castle,South Bohemia,UNESCO World Heritage — Renaissance castle above a riverside village,"Heritage tour, Photography, River rafting, Village walk",South Bohemia,Czech Republic,Heritage,"Cultural, Adventure",April to October,Moderate,2
Budapest Parliament and Danube,Budapest,UNESCO World Heritage — magnificent Gothic parliament on the Danube banks,"Heritage tour, Photography, Danube cruise",Central Hungary,Hungary,Heritage,"Cultural, Photography",April to October,Moderate,3
Buda Castle District,Budapest,UNESCO World Heritage — historic castle district overlooking Pest,"Heritage walk, Photography, Museum, Panoramic views",Central Hungary,Hungary,Heritage,Cultural,Year-round,Moderate,2
Plitvice Lakes National Park,Karlovac County,UNESCO World Heritage — turquoise lake system with waterfalls and forests,"Boardwalk walk, Photography, Boat ride, Waterfall viewing",Karlovac County,Croatia,Waterfall,"Eco, Photography",April to October,Moderate,2
Dubrovnik Old City,Dubrovnik-Neretva,UNESCO World Heritage — walled coastal city; Game of Thrones filming location,"City walls walk, Heritage tour, Photography, Sea kayaking",Dubrovnik-Neretva,Croatia,Heritage,"Cultural, Beach, Photography",April to October,Premium,4
Hvar Island Croatia,Split-Dalmatia,Sunniest island in the Adriatic; lavender fields and beaches,"Beach, Sailing, Lavender farm, Nightlife, Photography",Split-Dalmatia,Croatia,Beach,"Beach, Leisure",May to September,Premium,4
Krakow Old Town and Wawel Castle,Lesser Poland,UNESCO World Heritage — Royal capital with Gothic castle and St. Mary's Basilica,"Heritage walk, Castle tour, Photography",Lesser Poland,Poland,Heritage,Cultural,April to October,Budget,3
Auschwitz-Birkenau Memorial,Lesser Poland,UNESCO World Heritage — WWII Nazi concentration camp memorial,"Memorial tour, Museum, Historical learning",Lesser Poland,Poland,Heritage,Cultural,Year-round,Budget,1
Wieliczka Salt Mine,Lesser Poland,UNESCO World Heritage — underground salt mine cathedral 135m deep,"Underground tour, Chapel visit, Photography",Lesser Poland,Poland,Cave/Geological,Cultural,Year-round,Moderate,1
Cliffs of Moher,County Clare,Dramatic 214m-high coastal sea cliffs over 8km,"Cliff walk, Photography, Boat tour",County Clare,Ireland,Sightseeing,"Adventure, Photography",April to October,Budget,1
Ring of Kerry,County Kerry,"Scenic 179km road through mountains, lakes, and coastal villages","Scenic drive, Hiking, Photography, Village visits",County Kerry,Ireland,Mountain/Hill,"Eco, Adventure, Cultural",April to September,Moderate,3
Helsinki Cathedral and Market Square,Helsinki,Neoclassical cathedral and vibrant outdoor market,"Heritage walk, Market shopping, Photography, Sauna",Uusimaa,Finland,Heritage,Cultural,June to August,Moderate,2
Santa Claus Village Rovaniemi,Lapland,Arctic Circle theme park; official hometown of Santa Claus,"Husky safari, Reindeer sleigh, Northern lights, Santa meet",Lapland,Finland,Sightseeing,"Family, Adventure",November to March,Premium,4
Tivoli Gardens Copenhagen,Copenhagen,World's second oldest amusement park with historical charm,"Rides, Garden walk, Cultural shows, Photography",Capital Region,Denmark,Theme Park,"Family, Cultural",April to September,Moderate,1
Kronborg Castle (Hamlet's Castle),Helsingore,UNESCO World Heritage — Renaissance castle that inspired Shakespeare's Hamlet,"Heritage tour, Photography, Cultural experience",Capital Region,Denmark,Heritage,Cultural,April to October,Moderate,1
Tbilisi Old Town,Tbilisi,"Eclectic old quarter with Persian, Ottoman, and European architecture","Heritage walk, Photography, Wine tasting, Sulphur baths",Mtatsminda,Georgia,Heritage,Cultural,April to October,Budget,3
Kazbegi Mountain Region,Mtskheta-Mtianeti,Dramatic Caucasus mountain landscape with Gergeti Trinity Church,"Trekking, Photography, Off-road drive",Mtskheta-Mtianeti,Georgia,Mountain/Hill,"Adventure, Photography",May to October,Budget,3
Garni Temple Armenia,Kotayk,Only surviving Greco-Roman colonnaded building in the former Soviet Union,"Heritage tour, Photography, Gorge walk",Kotayk,Armenia,Heritage,Cultural,April to October,Budget,1
Geghard Monastery,Kotayk,UNESCO World Heritage — partly carved into an adjacent cliff,"Heritage tour, Photography, Pilgrimage",Kotayk,Armenia,Heritage,"Cultural, Spiritual",April to October,Budget,1
Registan Samarkand,Samarkand,UNESCO World Heritage — three madrasahs on one of the most magnificent squares in the world,"Architecture photography, Heritage tour, Cultural experience",Samarkand Region,Uzbekistan,Heritage,"Cultural, Photography",April to October,Moderate,2
Bukhara Old City,Bukhara,UNESCO World Heritage — Silk Road oasis city with 140 architectural monuments,"Heritage walk, Bazaar visit, Photography, Cultural experience",Bukhara Region,Uzbekistan,Heritage,Cultural,April to October,Budget,3
Grand Canyon National Park,Arizona,UNESCO World Heritage — world's most spectacular gorge; 1.6km deep,"Rim walk, Rafting, Helicopter tour, Hiking, Photography",Arizona,USA,Mountain/Hill,"Adventure, Photography, Eco","March to May, September to November",Moderate,3
Yellowstone National Park,Wyoming,World's first national park; supervolcano geysers and wildlife,"Geyser viewing, Wildlife safari, Hot spring, Hiking, Photography",Wyoming,USA,Wildlife,"Eco, Adventure",June to September,Moderate,5
New York Statue of Liberty,New York,UNESCO World Heritage — iconic French gift to America,"Ferry to Liberty Island, Museum, Photography, Ellis Island",New York,USA,Heritage,Cultural,Year-round,Moderate,1
New York Times Square,New York,World's most visited tourist attraction — neon-lit commercial hub,"Street photography, Shows, Dining, Shopping",New York,USA,Sightseeing,Cultural,Year-round,Moderate,1
Golden Gate Bridge San Francisco,San Francisco,Iconic international orange suspension bridge over San Francisco Bay,"Photography, Walk/cycle across bridge, Bay cruise",California,USA,Sightseeing,"Photography, Cultural",April to October,Budget,1
Yosemite National Park,California,"UNESCO World Heritage — granite valleys, giant sequoias, and waterfalls","Hiking, Photography, Rock climbing, Camping",California,USA,Wildlife,"Eco, Adventure, Photography",April to October,Moderate,5
Antelope Canyon Arizona,Arizona,Stunning slot canyon with shafts of light through sandstone,"Guided canyon tour, Photography, Navajo land visit",Arizona,USA,Cave/Geological,Photography,March to October,Moderate,1
Maui Hawaii,Hawaii,"Road to Hana, Haleakala crater, and black and white sand beaches","Snorkeling, Surfing, Whale watching, Crater hike, Photography",Hawaii,USA,Beach,"Beach, Adventure, Eco",Year-round,Premium,7
Zion National Park,Utah,Towering sandstone cliffs and the Narrows water hike,"Hiking, Canyoneering, Photography, Camping",Utah,USA,Mountain/Hill,"Adventure, Photography",March to November,Moderate,4
Las Vegas Strip,Nevada,"World's entertainment capital — casinos, shows, and nightlife","Casino, Shows, Dining, Photography, Shopping",Nevada,USA,Sightseeing,Leisure,Year-round,Premium,3
Niagara Falls USA,New York,Powerful waterfalls on the USA-Canada border,"Falls viewing, Maid of the Mist boat, Helicopter, Photography",New York,USA,Waterfall,"Leisure, Photography",May to October,Moderate,2
Monument Valley Navajo,Arizona,Iconic sandstone buttes on the Arizona-Utah border,"Jeep tour, Photography, Sunrise/sunset viewing, Horseback ride",Arizona,USA,Sightseeing,"Photography, Cultural, Adventure",April to October,Moderate,2
Chicago Architecture River Cruise,Illinois,World-class architecture tour along the Chicago River,"Architecture boat tour, Photography, Cultural experience",Illinois,USA,Heritage,Cultural,April to October,Moderate,1
Glacier National Park Montana,Montana,"UNESCO World Heritage — 700 lakes, 300 waterfalls, and glaciers","Hiking, Photography, Wildlife spotting, Scenic drive",Montana,USA,Mountain/Hill,"Eco, Adventure",June to September,Moderate,5
New Orleans French Quarter,Louisiana,"Jazz music, voodoo heritage, and vibrant Mardi Gras festival","Jazz bars, Street food, Heritage walk, Photography",Louisiana,USA,Heritage,Cultural,October to May,Moderate,3
Banff National Park,Alberta,Canada's first national park; turquoise glacial lakes and Rocky Mountains,"Hiking, Skiing, Lake canoeing, Wildlife spotting, Photography",Alberta,Canada,Mountain/Hill,"Eco, Adventure, Photography","June to September, December to March",Moderate,5
Quebec City Old Town,Quebec,UNESCO World Heritage — only walled city north of Mexico; French heritage,"Heritage walk, Photography, Chateau Frontenac, Cultural experience",Quebec,Canada,Heritage,Cultural,June to September,Moderate,3
Niagara Falls Canada,Ontario,Canadian side has the better view of Horseshoe Falls,"Falls viewing, Journey Behind the Falls, Boat tour, Photography",Ontario,Canada,Waterfall,"Leisure, Photography",May to October,Moderate,2
Vancouver Stanley Park,British Columbia,"1,000-acre urban park with seawall, totem poles, and harbor views","Cycling, Nature walk, Photography, Aquarium",British Columbia,Canada,Garden/Nature,"Eco, Leisure",April to October,Budget,1
Churchill Manitoba Polar Bears,Manitoba,Best place in the world to see polar bears in the wild,"Polar bear safari, Beluga whale watching, Northern lights",Manitoba,Canada,Wildlife,Eco,"October to November, June to August",Luxury,5
Prince Edward Island Green Gables,Prince Edward Island,Anne of Green Gables heritage site and red sand beaches,"Heritage tour, Beach walk, Cycling, Photography",Prince Edward Island,Canada,Heritage,"Cultural, Leisure",June to September,Moderate,3
Chichen Itza,Yucatan,UNESCO World Heritage — El Castillo pyramid of Maya civilization,"Archaeological tour, Photography, Cultural experience, Cenote swim",Yucatan,Mexico,Heritage,Cultural,October to March,Moderate,1
Tulum Ruins and Beach,Quintana Roo,Cliffside Maya ruins above turquoise Caribbean beach,"Archaeological tour, Photography, Snorkeling, Beach relaxing",Quintana Roo,Mexico,Heritage,"Cultural, Beach",November to April,Moderate,2
Teotihuacan Pyramids,Mexico City,UNESCO World Heritage — ancient pyramid complex including Pyramid of the Sun,"Heritage tour, Pyramid climbing, Photography, Archaeological study",State of Mexico,Mexico,Heritage,Cultural,October to March,Budget,1
Copper Canyon Barrancas del Cobre,Chihuahua,System of canyons larger and deeper than the Grand Canyon; Tarahumara culture,"El Chepe train, Trekking, Photography, Cultural experience",Chihuahua,Mexico,Mountain/Hill,"Adventure, Cultural","March to May, October to November",Moderate,4
Machu Picchu,Cusco,UNESCO World Heritage — 15th-century Inca citadel in the cloud forests,"Heritage tour, Photography, Inca Trail trek, Sun Gate sunrise",Cusco,Peru,Heritage,"Cultural, Adventure, Photography",May to October,Moderate,3
Cusco Plaza de Armas,Cusco,Inca capital with Spanish colonial overlay; UNESCO Heritage city,"Heritage walk, Photography, Cathedral visit, Market",Cusco,Peru,Heritage,Cultural,May to October,Moderate,3
Lake Titicaca,Puno,"World's highest navigable lake (3,812m) with Uros floating islands","Floating island visit, Boat ride, Cultural stay, Photography",Puno,Peru,Lake/Water,"Cultural, Eco",May to October,Moderate,3
Rainbow Mountain (Vinicunca),Cusco,"Striped multicolored mountain at 5,200m elevation","Trekking, Photography, Cultural experience",Cusco,Peru,Mountain/Hill,"Adventure, Photography",May to October,Moderate,2
Amazon Rainforest Iquitos,Loreto,World's largest tropical rainforest; exceptional wildlife diversity,"Jungle lodge, Wildlife spotting, Piranha fishing, Canoe",Loreto,Peru,Wildlife,"Eco, Adventure",May to October,Premium,5
Iguazu Falls,Parana,UNESCO World Heritage — 275 waterfalls; most spectacular in the world,"Walking trail, Boat under falls, Photography, Macuco safari",Parana,Brazil,Waterfall,"Adventure, Photography, Eco",March to November,Moderate,3
Christ the Redeemer Rio,Rio de Janeiro,UNESCO World Heritage — 30m Art Deco statue of Jesus,"Corcovado train ride, Photography, City panorama",Rio de Janeiro,Brazil,Heritage,"Cultural, Photography",Year-round,Moderate,1
Copacabana Beach Rio,Rio de Janeiro,World-famous beach with mosaic sidewalk and Carnival energy,"Beach, Volleyball, Samba, Street food, Photography",Rio de Janeiro,Brazil,Beach,"Beach, Cultural",November to March,Moderate,3
Amazon River Manaus,Amazonas,Meeting of the waters; world's largest river system and biodiversity,"Jungle lodge, River cruise, Wildlife spotting, Piranha fishing",Amazonas,Brazil,Wildlife,"Eco, Adventure",June to November,Premium,7
Pantanal Wetland,Mato Grosso do Sul,World's largest tropical wetland; best wildlife concentration in Americas,"Wildlife safari, Jaguar spotting, Birding, Fishing",Mato Grosso do Sul,Brazil,Wildlife,"Eco, Adventure",July to October,Premium,5
Lencois Maranhenses Sand Dunes,Maranhao,Vast white sand dunes with seasonal blue lagoons between them,"Dune walk, Swimming in lagoons, Photography",Maranhao,Brazil,Sightseeing,"Adventure, Photography",June to September,Moderate,3
Perito Moreno Glacier,Santa Cruz,UNESCO World Heritage — advancing glacier in Los Glaciares National Park,"Glacier walk, Photography, Boat cruise, Trekking",Santa Cruz,Argentina,Mountain/Hill,"Eco, Adventure, Photography",September to April,Premium,3
Buenos Aires Tango Culture,Buenos Aires,Capital of Tango — birthplace of the passionate dance,"Tango show, City walk, Steak dinner, Photography",Buenos Aires,Argentina,Sightseeing,Cultural,Year-round,Moderate,4
Iguazu Falls Argentina,Misiones,UNESCO World Heritage — Argentinian side includes Devil's Throat,"Devil's Throat walk, Boat under falls, Photography, Macuco trail",Misiones,Argentina,Waterfall,"Adventure, Photography",March to November,Moderate,3
Torres del Paine National Park,Magallanes,Dramatic patagonian landscape with granite towers and glaciers,"Trekking (W Circuit), Photography, Kayaking, Wildlife spotting",Magallanes,Chile,Mountain/Hill,"Eco, Adventure, Photography",November to March,Premium,7
Atacama Desert,Antofagasta,"World's driest desert; geysers, salt flats, and stargazing","Geyser sunrise, Salt flat walk, Stargazing, Lagoon visit",Antofagasta,Chile,Sightseeing,"Adventure, Photography",March to November,Moderate,5
Easter Island (Rapa Nui),Valparaiso Region,UNESCO World Heritage — mysterious Moai statues in the Pacific,"Moai exploration, Heritage tour, Photography, Archaeological study",Valparaiso Region,Chile,Heritage,Cultural,September to March,Premium,5
Cartagena Walled City,Bolivar,UNESCO World Heritage — Spanish colonial fortified city with colorful facades,"Heritage walk, Photography, Nightlife, Beach day trip",Bolivar,Colombia,Heritage,Cultural,December to April,Moderate,3
Coffee Cultural Landscape,Caldas,UNESCO World Heritage — Colombian coffee farms in the Andes,"Coffee farm tour, Jeep ride, Cultural experience, Photography",Caldas,Colombia,Sightseeing,"Eco, Cultural",December to March,Moderate,3
Tayrona National Park,Magdalena,"National park combining rainforest, mountains, and Caribbean beaches","Trekking, Beach, Snorkeling, Wildlife spotting",Magdalena,Colombia,Beach,"Eco, Adventure, Beach",December to March,Moderate,3
Pyramids of Giza,Giza,Last remaining wonder of the ancient world; Great Pyramid and Sphinx,"Pyramid interior, Camel ride, Photography, Sound and light show",Giza,Egypt,Heritage,Cultural,October to April,Moderate,2
Luxor Temple and Karnak,Luxor,UNESCO World Heritage — largest ancient religious site and temple complex,"Heritage tour, Photography, Sound and light show",Luxor,Egypt,Heritage,Cultural,October to April,Moderate,3
Valley of the Kings,Luxor,Ancient necropolis of pharaohs including Tutankhamun's tomb,"Tomb exploration, Photography, Archaeological study",Luxor,Egypt,Heritage,Cultural,October to April,Moderate,1
Abu Simbel Temples,Aswan,"UNESCO World Heritage — 3,000-year-old rock temples of Ramesses II","Heritage tour, Photography, Sunrise biannual phenomenon",Aswan,Egypt,Heritage,Cultural,October to April,Moderate,2
Red Sea Hurghada,Red Sea,World-class coral reef snorkeling and diving in the Red Sea,"Snorkeling, Diving, Beach, Boat trip, Quad biking",Red Sea,Egypt,Beach,"Beach, Adventure",October to May,Moderate,5
Marrakech Medina and Djemaa el Fna,Marrakech,"UNESCO World Heritage — sensory square with storytellers, musicians, and food","Souq walk, Hammam, Photography, Riads, Street food",Marrakech-Safi,Morocco,Heritage,Cultural,October to April,Moderate,4
Sahara Desert Merzouga,Draa-Tafilalet,Erg Chebbi sand dunes — classic Saharan landscape with camel trekking,"Camel trek, Stargazing, Berber camp, Sunrise photography",Draa-Tafilalet,Morocco,Sightseeing,"Adventure, Cultural",October to April,Moderate,3
Fez El Bali Medina,Fez,UNESCO World Heritage — world's largest car-free urban area; medieval craft city,"Heritage walk, Tannery viewing, Artisan workshops, Photography",Fez-Meknes,Morocco,Heritage,Cultural,October to April,Moderate,3
Chefchaouen Blue City,Chefchaouen,Mountain town famous for its striking blue-painted buildings,"Photography, Heritage walk, Hiking, Craft shopping",Tangier-Tetouan,Morocco,Sightseeing,"Photography, Cultural",October to May,Budget,2
Atlas Mountains and Toubkal,Marrakech,"Highest peak in North Africa (4,167m); Berber village treks","Trekking, Toubkal summit, Village stay, Photography",Marrakech-Safi,Morocco,Mountain/Hill,"Adventure, Cultural",April to October,Moderate,5
Cape Town Table Mountain,Cape Town,Iconic flat-topped mountain with 360-degree panoramic views,"Cable car, Hiking, Photography, City and ocean views",Western Cape,South Africa,Mountain/Hill,"Adventure, Photography",October to April,Moderate,2
Kruger National Park,Limpopo,Africa's most famous game reserve; Big Five wildlife,"Game drive, Walking safari, Photography, Bush camp",Limpopo,South Africa,Wildlife,"Eco, Adventure",May to September,Premium,5
Cape Winelands Stellenbosch,Western Cape,World-class wine farms in the Cape Fold Mountains,"Wine tasting, Vineyard tour, Cycling, Photography",Western Cape,South Africa,Sightseeing,"Leisure, Cultural",October to April,Premium,3
Garden Route South Africa,Western Cape,"Scenic 300km coastal route with forests, lagoons, and beaches","Scenic drive, Bungee jumping (Bloukrans), Whale watching, Hiking",Western Cape,South Africa,Beach,"Eco, Adventure, Leisure",October to April,Moderate,7
Robben Island Cape Town,Cape Town,UNESCO World Heritage — prison island where Nelson Mandela was held,"Heritage tour, Photography, Ferry ride, Historical learning",Western Cape,South Africa,Heritage,Cultural,Year-round,Moderate,1
Masai Mara National Reserve,Narok,Best game reserve in Africa; Great Wildebeest Migration,"Safari, Wildebeest migration, Masai village, Hot air balloon",Narok,Kenya,Wildlife,"Eco, Adventure",July to October,Premium,4
Amboseli National Park,Kajiado,Savannah park with Kilimanjaro backdrop and large elephant herds,"Game drive, Photography, Masai culture, Mountain views",Kajiado,Kenya,Wildlife,"Eco, Photography",June to October,Premium,3
Nairobi National Park,Nairobi,World's only national park within a capital city boundary,"Game drive, Wildlife photography, Giraffe Centre visit",Nairobi,Kenya,Wildlife,Eco,Year-round,Moderate,1
Serengeti National Park,Mara,UNESCO World Heritage — endless plains and the Great Migration of wildebeest,"Game drive, Migration viewing, Hot air balloon, Photography",Mara,Tanzania,Wildlife,"Eco, Adventure","January to March, June to October",Luxury,5
Zanzibar Stone Town,Zanzibar,"UNESCO World Heritage — Swahili culture, spice trade, and Arabic architecture","Heritage walk, Spice tour, Dhow sunset, Snorkeling",Zanzibar,Tanzania,Heritage,"Cultural, Beach",June to February,Moderate,4
Mount Kilimanjaro,Kilimanjaro,"UNESCO World Heritage — Africa's highest peak (5,895m) and free-standing volcano","Summit trek, Photography, Wildlife in forest zone",Kilimanjaro,Tanzania,Mountain/Hill,Adventure,"January to March, June to October",Premium,8
Lalibela Rock Churches,Amhara,UNESCO World Heritage — 11th-century rock-hewn churches of King Lalibela,"Heritage tour, Pilgrimage, Photography, Cultural experience",Amhara,Ethiopia,Heritage,"Cultural, Spiritual",October to March,Budget,3
Simien Mountains National Park,Amhara,UNESCO World Heritage — dramatic plateau with gelada baboons and Ethiopian wolves,"Trekking, Wildlife spotting, Photography",Amhara,Ethiopia,Mountain/Hill,"Eco, Adventure",October to March,Moderate,5
Le Morne Brabant Mauritius,Black River,UNESCO World Heritage — basalt monolith above a turquoise lagoon,"Hiking, Photography, Snorkeling, Windsurfing",Black River,Mauritius,Beach,"Beach, Adventure, Eco",May to December,Luxury,5
Chamarel Coloured Earth Mauritius,Riviere Noire,Seven-coloured volcanic earth formation and waterfall,"Photography, Chamarel Falls, Rum distillery tour",Riviere Noire,Mauritius,Sightseeing,"Photography, Eco",May to December,Moderate,1
Sydney Opera House,New South Wales,UNESCO World Heritage — 20th-century architectural masterpiece on Sydney Harbour,"Guided tour, Performance, Photography, Harbour walk",New South Wales,Australia,Heritage,"Cultural, Photography",September to March,Moderate,1
Great Barrier Reef,Queensland,UNESCO World Heritage — world's largest coral reef ecosystem,"Snorkeling, Scuba diving, Glass-bottom boat, Photography",Queensland,Australia,Beach,"Eco, Adventure",June to October,Premium,5
Uluru-Kata Tjuta,Northern Territory,UNESCO World Heritage — sacred Aboriginal sandstone monolith; 348m tall,"Sunrise/sunset viewing, Cultural walk, Photography, Stargazing",Northern Territory,Australia,Heritage,"Cultural, Eco, Photography",April to September,Moderate,3
Great Ocean Road,Victoria,Scenic coastal road with Twelve Apostles limestone stacks,"Scenic drive, Photography, Surf, Nature walk",Victoria,Australia,Sightseeing,"Eco, Photography",October to April,Moderate,3
Daintree Rainforest,Queensland,UNESCO World Heritage — world's oldest tropical rainforest (130 million years),"Jungle trekking, Wildlife spotting, River cruise, Photography",Queensland,Australia,Wildlife,"Eco, Adventure",May to October,Moderate,3
Kakadu National Park,Northern Territory,"UNESCO World Heritage — Aboriginal rock art 20,000 years old; diverse ecosystems","Rock art viewing, Crocodile cruise, Birdwatching, 4WD safari",Northern Territory,Australia,Heritage,"Cultural, Eco, Adventure",May to October,Moderate,4
Blue Mountains New South Wales,New South Wales,UNESCO World Heritage — eucalyptus-covered sandstone plateau; Three Sisters rock,"Hiking, Scenic railway, Photography, Cave tours",New South Wales,Australia,Mountain/Hill,"Eco, Adventure",March to November,Moderate,3
Whitsunday Islands,Queensland,74 islands in the Coral Sea with Whitehaven Beach,"Sailing, Snorkeling, Beach, Photography",Queensland,Australia,Beach,"Beach, Eco",April to October,Premium,4
Fraser Island (K'gari),Queensland,"UNESCO World Heritage — world's largest sand island with dingo, dingo lake, and rainforest","4WD safari, Lake McKenzie, Whale watching, Dingo spotting",Queensland,Australia,Wildlife,"Eco, Adventure",April to September,Moderate,4
Kangaroo Island,South Australia,"Wildlife sanctuary with kangaroos, koalas, and sea lions","Wildlife safari, Seal Bay, Remarkable Rocks, Photography",South Australia,Australia,Wildlife,Eco,September to May,Moderate,4
Fiordland National Park Milford Sound,Otago,UNESCO World Heritage — dramatic fiord with waterfalls and rainforest,"Cruise, Kayaking, Photography, Diving, Scenic flight",Otago,New Zealand,Mountain/Hill,"Eco, Adventure, Photography",September to April,Premium,3
Rotorua Geothermal Maori Culture,Bay of Plenty,"Geothermal geysers, mud pools, and Maori cultural performance","Geyser viewing, Hangi meal, Maori concert, Thermal pool",Bay of Plenty,New Zealand,Sightseeing,"Cultural, Leisure",Year-round,Moderate,2
Hobbiton Movie Set,Waikato,Shire movie set for Lord of the Rings and Hobbit trilogy,"Guided tour, Photography, Beer at Green Dragon Inn",Waikato,New Zealand,Sightseeing,Cultural,Year-round,Moderate,1
Tongariro Alpine Crossing,Manawatu-Whanganui,UNESCO World Heritage — New Zealand's best one-day volcanic hike,"Multi-day trekking, Photography, Volcanic crater walk",Manawatu-Whanganui,New Zealand,Mountain/Hill,Adventure,November to April,Moderate,1
Abel Tasman National Park,Nelson,New Zealand's smallest national park; golden beaches and clear water,"Sea kayaking, Coast track, Beach, Photography",Nelson,New Zealand,Beach,"Eco, Beach, Adventure",October to April,Moderate,4
Queenstown Adventure Capital,Otago,World capital of extreme adventure; bungee jumping and jet boating,"Bungee jumping, Skydiving, Jet boating, Skiing",Otago,New Zealand,Mountain/Hill,Adventure,Year-round,Premium,5
Yasawa Islands Fiji,Western Division,Remote island group with traditional Fijian villages and pristine reefs,"Snorkeling, Diving, Village visits, Beach, Kayaking",Western Division,Fiji,Beach,"Beach, Eco, Cultural",May to October,Premium,7
Coral Coast Fiji,Western Division,Viti Levu's south coast with coral reefs and cultural villages,"Snorkeling, Cultural visit, Beach, Diving",Western Division,Fiji,Beach,"Beach, Eco",May to October,Moderate,5
